Shifted Time (s),LateralBending Angle IMU (degrees)
53.004,0.10536418462967134
53.014,0.10415664260554092
53.02400000000001,0.33005374963535505
53.035000000000004,0.21612672720274873
53.044999999999995,0.09971581819948572
53.053999999999995,0.03830247348177007
53.064,0.023986791231159543
53.074000000000005,0.08965163884951455
53.083999999999996,0.14713785222796982
53.092999999999996,0.1994831253410254
53.104000000000006,0.08403545526998801
53.114,0.08463446808538144
53.124,0.14145812218413667
53.13400000000001,0.03156126771798107
53.14300000000001,0.08905082931145536
53.153,0.033908208193026645
53.163999999999994,0.15342578480310287
53.174,0.1477405037358004
53.184000000000005,0.14833819384017488
53.193000000000005,0.21036585755474313
53.202999999999996,0.15161240681203836
53.213,0.03771640550258226
53.224,-0.08172086644106713
53.234,-0.1451833784925025
53.243,-0.14294261376439454
53.25300000000001,0.09083855097651483
53.263,0.26411104134676044
53.273,0.33341259038535753
53.282000000000004,0.33595752425472547
53.291999999999994,0.20337999311400967
53.303000000000004,0.011193781546649184
53.312999999999995,-0.10050447284471176
53.323,-0.27660087071324746
53.332,-0.0956813644175174
53.342000000000006,0.07403437799139034
53.353,0.2446859293607515
53.36300000000001,0.2575062762317337
53.373,0.33595752425472547
53.382,0.2743291653555717
53.392,0.14559469660430313
53.40200000000001,0.18653054132315727
53.413000000000004,0.13545577079623694
53.421,0.1933751123216645
53.431999999999995,0.35303001318995264
53.442,0.3700655570558631
53.452000000000005,0.42862261034253457
53.461999999999996,0.3694655497530075
53.471,0.30862900032689655
53.481,0.25589589366476595
53.492,0.1512520375216848
53.502,0.03561739440607958
53.51200000000001,0.02894259099637342
53.52100000000001,0.20188336188251021
53.531,0.14385161377045996
53.541999999999994,0.20582756663535218
53.552,0.26451342383951193
53.562000000000005,0.442301963794308
53.571000000000005,0.25353705648689573
53.580999999999996,0.18882974812956466
53.591,0.19104903274647356
53.602,-0.018130088480035944
53.61000000000001,0.1444376059467638
53.621,0.3788521482694076
53.63100000000001,0.48706287473330434
53.641,0.49183566590682304
53.651,0.4255905589043092
53.660000000000004,0.3800749852174805
53.669999999999995,0.3635731673204887
53.681000000000004,0.412010994867714
53.690999999999995,0.4859844042879953
53.701,0.5481996435986609
53.71,0.501050267542321
53.720000000000006,0.501050267542321
53.73,0.39545382641784865
53.74100000000001,0.45370578549279905
53.751,0.5855519371457989
53.76,0.4115369863616998
53.77,0.2859983641195232
53.78000000000001,-0.025201166359774874
53.791000000000004,-0.026290547565691824
53.799,-0.1407768050971825
53.809999999999995,-0.14504220566229886
53.82,-0.03447515157633774
53.830000000000005,0.2564729289697265
53.839999999999996,0.5022709580590101
53.849,0.6216161313104962
53.859,0.6847873134233131
53.87,0.5744717225899771
53.88,0.33373589453740315
53.89000000000001,0.33492185225125315
53.89900000000001,0.38837029610421325
53.909,0.377141052492445
53.919000000000004,0.6062064269518883
53.93,0.725990014170951
53.940000000000005,0.6748004963294978
53.949000000000005,0.6698098752219535
53.958999999999996,0.6049676964331168
53.969,0.6098768137660704
53.979000000000006,0.666011536500899
53.98800000000001,0.8185513062858041
53.999,0.6383639097043181
54.00900000000001,0.3877858053210721
54.019,0.37241372914309245
54.029,0.4986168889321867
54.038000000000004,0.7353924774493725
54.047999999999995,0.8394997354329092
54.059000000000005,0.7852984142772446
54.068999999999996,0.778958278689263
54.079,0.541493674976314
54.088,0.4167414227765365
54.098000000000006,0.4554428225902374
54.108,0.7517821160911513
54.11900000000001,1.1095239259232024
54.129,1.280971046843721
54.138,1.6930136035490237
54.148,2.0541163655763377
54.15800000000001,1.8944402238589237
54.168,1.5199863813015737
54.177,1.5683338420769148
54.187000000000005,1.794805972131738
54.198,2.046468752047274
54.208000000000006,2.3903900141117864
54.217999999999996,2.39275849590111
54.227,2.4690591575757255
54.237,2.654959029210417
54.248,2.6113700281729866
54.258,2.498260693161548
54.26800000000001,2.5643957864830753
54.27700000000001,2.8156165864929266
54.287,3.0116836623475853
54.297000000000004,3.4242955139915434
54.308,3.76463300253158
54.315999999999995,4.054970602007636
54.327000000000005,4.29124138351845
54.336999999999996,4.133217904813588
54.347,4.129118975721063
54.357000000000006,4.041096865874412
54.36600000000001,3.958470315857266
54.376,4.307748528656948
54.38700000000001,4.47702373347528
54.397,4.740684067890598
54.407000000000004,5.065650311481484
54.416000000000004,5.383505828744543
54.425999999999995,5.4202240060905265
54.437000000000005,5.594108040266871
54.446999999999996,5.944392271060282
54.457,6.27818287623194
54.466,6.754671556936781
54.476000000000006,6.887127210057342
54.486,7.167952266942356
54.49700000000001,7.487475402179676
54.505,7.92919463675338
54.516,8.326537775745562
54.526,8.840139808268987
54.53600000000001,9.66895231257111
54.546,10.72000400687551
54.555,11.256441894990592
54.565000000000005,11.674700349471903
54.576,11.902437533374288
54.586000000000006,11.852838981181181
54.596,11.832512947683794
54.605,11.544537407761917
54.615,11.727290030998974
54.62500000000001,11.804668468841337
54.636,12.02304310173585
54.64600000000001,12.433425763976645
54.65500000000001,12.530398092330016
54.665,12.866354215588627
54.675000000000004,13.386172665233273
54.686,13.886850260519003
54.693999999999996,14.396803767695628
54.705000000000005,14.927063492275524
54.714999999999996,15.203146407741889
54.725,15.604832598981362
54.73500000000001,15.889248867200275
54.74400000000001,16.461997464974537
54.754,16.631574304956658
54.76500000000001,16.95107413059504
54.775,17.302021158369676
54.785000000000004,17.013546843452104
54.794000000000004,16.70188633456668
54.803999999999995,17.328647090301075
54.814,17.785607986038272
54.824999999999996,18.07659652299477
54.835,18.98335784989414
54.844,19.352837874661105
54.854000000000006,19.785347773814394
54.864,19.982569423267236
54.87500000000001,19.984703274868608
54.883,20.34370259063654
54.894,20.48572177672014
54.904,21.35909223957544
54.913999999999994,22.932940691958194
54.924,23.819023541371777
54.933,23.998336539178702
54.943000000000005,24.044731261450472
54.954,23.949383428345477
54.964000000000006,23.94395710573466
54.974,23.762800980019158
54.983,24.039018007611162
54.993,24.29015405734107
55.00300000000001,24.41504418174543
55.014,24.72012216598246
55.022,25.209470091812598
55.03300000000001,25.5482015670676
55.043,26.45643937036585
55.053000000000004,26.634111681490886
55.062999999999995,25.121070513538804
55.071999999999996,25.064611126607886
55.083000000000006,28.74133235252892
55.092999999999996,27.156704859341566
55.103,26.61662663807303
55.11300000000001,27.99595325679028
55.12200000000001,28.194044603493225
55.132,28.990357552435704
55.14300000000001,29.395967371695114
55.153,29.381311955236242
55.163000000000004,29.039527116522187
55.172000000000004,28.855352857041552
55.181999999999995,28.77582148650996
55.192,29.16778088087395
55.202999999999996,29.576368244204694
55.211000000000006,30.101062418059357
55.222,30.551400942592416
55.232000000000006,30.943261042448142
55.242,31.346142056073447
55.252,31.990567350847193
55.261,32.61441180456288
55.27100000000001,32.19543315815256
55.282000000000004,31.34991963920268
55.291999999999994,30.299294869874714
55.302,32.71448833841176
55.311,30.942344135927414
55.321000000000005,32.53719409940092
55.332,32.7327282764742
55.342000000000006,32.78858482167993
55.352,32.956415970605526
55.361,33.16415731859046
55.371,33.28799197758462
55.38100000000001,32.92668403105059
55.392,32.44724056947103
55.4,32.41901617945035
55.41100000000001,32.38722456050318
55.421,32.45601210084544
55.431000000000004,32.6170853666448
55.440999999999995,32.62107768335562
55.449999999999996,32.17259905446331
55.46,32.60394427593561
55.471,33.514948373849414
55.481,33.89853128213632
55.49100000000001,33.87692414144508
55.50000000000001,33.658222183902765
55.51,33.248321880334885
55.52100000000001,32.89989431818479
55.531,32.67280443945047
55.541000000000004,33.00545878792827
55.550000000000004,33.5213528026296
55.559999999999995,34.20976907882341
55.57,34.37261763824604
55.580999999999996,34.049165106862226
55.589000000000006,33.6800583104112
55.6,33.2669499689423
55.61000000000001,33.121576551942724
55.62,33.25546871278511
55.63,33.62614322214133
55.639,34.75950980592188
55.64900000000001,35.367869441566555
55.660000000000004,35.39848616167585
55.669999999999995,35.00504511631104
55.68,34.77835301062775
55.689,34.78563026765217
55.699000000000005,34.36242731548633
55.708999999999996,33.96294456099786
55.720000000000006,33.988057960438624
55.73,34.464448788210575
55.739,34.9854454474523
55.749,35.243111929606876
55.75900000000001,35.13006126003641
55.77,34.524063553391514
55.778,34.07238946169112
55.788999999999994,34.00460097483654
55.799,34.11814679179076
55.809000000000005,34.06148412569527
55.818999999999996,34.077025376269155
55.827999999999996,34.49514345815157
55.838,35.04271532784715
55.849,35.44850131117461
55.859,35.45497917949862
55.86900000000001,35.145476906058036
55.87800000000001,34.53681232974577
55.888,34.2689506130725
55.898,34.58674221562928
55.909,35.23086024655931
55.919000000000004,35.70308458288128
55.928000000000004,36.049634264788224
55.937999999999995,35.99963932338776
55.948,35.29774631818852
55.958000000000006,34.81746132265652
55.967000000000006,34.49273059174552
55.978,34.30510435917628
55.98800000000001,34.570949704702066
55.998,34.924095816263716
56.008,35.00839027828401
56.017,34.86477319289043
56.02700000000001,34.76682447711012
56.038000000000004,34.77202163512486
56.047999999999995,34.62562856928667
56.058,34.60579862007199
56.067,34.535240085598915
56.077000000000005,34.477919988982585
56.086999999999996,34.57350694871901
56.098000000000006,34.768852356487116
56.108,35.11028810116517
56.117,35.50915889637888
56.127,35.48756155966812
56.13700000000001,35.21944391836562
56.147,35.03407016312477
56.156,34.818627878978134
56.166999999999994,34.87553566687836
56.177,34.97895682696466
56.187000000000005,35.418653717465546
56.196999999999996,35.48011883024638
56.205999999999996,35.330145534904766
56.216,35.42964617165859
56.227,35.326505527234474
56.237,35.13546857595742
56.24700000000001,35.078011375893496
56.25600000000001,34.8956360093914
56.266,34.746353428053254
56.276,34.96613110020907
56.287,35.34193126482911
56.297000000000004,35.46438929055489
56.306000000000004,35.2913411082111
56.315999999999995,35.219433913436475
56.326,35.34140885540683
56.336000000000006,35.51989094986225
56.345000000000006,35.576838285759415
56.355,35.31543488452687
56.36600000000001,35.24020446734384
56.376,35.34513563113142
56.386,35.44955392796278
56.395,35.498839537918926
56.40500000000001,35.444102886704144
56.416000000000004,35.621476199118426
56.425999999999995,35.51516037170028
56.436,35.89029952330429
56.445,36.13840776628996
56.455000000000005,36.07875489586475
56.464999999999996,36.201206289670026
56.476000000000006,36.03440095264287
56.486,35.804014979508544
56.495,35.49759888432383
56.505,35.33956942349825
56.51500000000001,35.40680591762721
56.525,35.261930398978826
56.534,35.23609081374471
56.544000000000004,35.60448441119163
56.555,35.69132233802383
56.565000000000005,35.741951575528965
56.574999999999996,35.815866661319504
56.583999999999996,35.75333068949162
56.594,35.9227127809485
56.604000000000006,35.93397552835343
56.615,35.761496066609816
56.62500000000001,35.76760845520573
56.63400000000001,35.83738912211206
56.644,35.81445744282485
56.654,35.86585124317164
56.665,35.939726095550554
56.672999999999995,35.9149291927377
56.684000000000005,35.937104978944454
56.693999999999996,35.95449212490656
56.704,35.82505182751173
56.714000000000006,35.727745745043194
56.723000000000006,35.674826872609664
56.733,35.68386673250665
56.74400000000001,35.7211731109424
56.754,35.55327804473715
56.764,35.539586609289096
56.773,35.601139308909026
56.78300000000001,35.754548948212005
56.793,35.81712552586586
56.803999999999995,35.75428308255235
56.814,35.58293266430368
56.823,35.607337509528165
56.833000000000006,35.57291121427057
56.842999999999996,35.40718935153363
56.854000000000006,35.34226718759182
56.862,35.21258470168309
56.873,35.33893188958757
56.883,35.489386533057946
56.89300000000001,35.47827536789281
56.903,35.58102338237946
56.912,35.57968130411895
56.922000000000004,35.3561731741915
56.933,35.30427010682802
56.943000000000005,34.98714262608508
56.952999999999996,35.09500376172918
56.961999999999996,35.31040594927594
56.972,35.60472542408343
56.982000000000006,35.638303445170614
56.993,35.55210003891358
57.00300000000001,35.34061941907417
57.01200000000001,35.153999869534466
57.022,35.25304283667234
57.032000000000004,35.31955381103359
57.041999999999994,35.06877812992478
57.050999999999995,35.04869801046358
57.062000000000005,34.938566544873545
57.071999999999996,34.75781510286022
57.082,34.906488900412235
57.092000000000006,35.07244269312133
57.101000000000006,35.20184779014603
57.111,35.28665467430993
57.12200000000001,35.23113823749672
57.132,35.18150665772734
57.142,35.059742831351606
57.151,34.834052453098984
57.16100000000001,34.701870645015994
57.171,34.686474695075916
57.181999999999995,34.50962194497884
57.192,34.65532138756719
57.201,34.63229561563113
57.211000000000006,34.967557852904385
57.221,35.32528887970532
57.231,35.52534357429057
57.24,35.440266231916866
57.25000000000001,35.328227856565
57.261,35.047131237658455
57.27100000000001,35.006799179149546
57.281,35.279938749179486
57.29,35.070298935021725
57.300000000000004,34.895211902610065
57.311,34.680610010137144
57.321000000000005,34.88315284326408
57.330999999999996,35.33112087407203
57.339999999999996,35.59789442324936
57.35,35.549164399937936
57.36000000000001,35.08285077364178
57.371,34.73269691678773
57.38100000000001,34.889490212724155
57.39000000000001,35.097870593971585
57.4,35.20721735952396
57.410000000000004,35.23832351883635
57.419999999999995,35.266860605753834
57.428999999999995,35.31886607520219
57.439,35.44440516078596
57.449999999999996,35.28457933598428
57.46,35.240409254051116
57.470000000000006,35.08839726970176
57.479000000000006,34.9045016073762
57.489,34.891515768703066
57.50000000000001,34.863022707179645
57.51,34.88357295912236
57.52,34.95062012716304
57.529,34.995286202707504
57.538999999999994,34.94705832740946
57.549,34.817455951949434
57.559999999999995,34.54064556461649
57.568000000000005,34.6169649402151
57.579,34.72513652581004
57.589000000000006,34.59374781119859
57.599,34.52635098661599
57.609,34.38680996413018
57.618,34.25754555693108
57.62800000000001,34.32675834471759
57.639,34.907018658038375
57.64900000000001,35.45873456578948
57.659,35.53690790716817
57.668,35.43496440253911
57.678000000000004,35.05208886427178
57.687999999999995,34.62486204435786
57.699000000000005,34.590356095253505
57.708999999999996,34.41657248679697
57.717999999999996,34.556935146628675
57.728,34.630505056089376
57.73800000000001,35.13335260548158
57.749,35.322498456318726
57.757,35.14187187263399
57.76800000000001,34.83647457099526
57.778,34.58765486909532
57.788000000000004,34.685559558656735
57.797999999999995,34.88689609786955
57.806999999999995,35.28044643157206
57.817,35.902110247458204
57.827999999999996,35.75509926429971
57.838,35.232387600521754
57.848000000000006,34.898018382128356
57.857000000000006,34.517402180675525
57.867,34.14381250806823
57.877,34.23059379362154
57.888,34.77108629336225
57.898,35.325636989552144
57.907000000000004,35.06189944802295
57.916999999999994,34.51068640586402
57.927,34.04327936973354
57.937000000000005,34.232362256524446
57.946000000000005,35.07952489758112
57.957,35.57157317989984
57.967000000000006,35.53133737393198
57.977,35.29598786171694
57.987,34.663951832380846
57.996,34.067051722485544
58.00600000000001,33.68215579343866
58.017,34.15541952006261
58.02700000000001,34.90377896174261
58.037,35.03425856082573
58.046,34.795543937950654
58.056000000000004,34.13218516278207
58.065999999999995,33.758812265654576
58.077000000000005,33.73557905292857
58.086999999999996,34.469714886816206
58.096,35.22838073867396
58.106,35.12929498430979
58.11600000000001,34.410567436881585
58.126,33.41410693011451
58.135,32.67782621399761
58.14600000000001,32.877520116260555
58.156,33.251855203052145
58.166000000000004,33.43595402696376
58.175999999999995,33.35056104155234
58.184999999999995,33.167621426591566
58.195,32.89503631067767
58.205999999999996,32.602907721941115
58.216,32.41683372337866
58.226000000000006,32.382720538660706
58.23500000000001,32.67608097469318
58.245,32.80151143443412
58.255,32.892822363375465
58.266,32.9075786803168
58.276,32.47240710065245
58.285000000000004,32.34920837313896
58.294999999999995,32.213375229962175
58.305,31.833172935783338
58.315000000000005,31.240225029197035
58.324000000000005,30.761671018828395
58.333999999999996,30.531438223489936
58.345000000000006,30.019715554141513
58.355,29.58446653082651
58.365,29.408536095265745
58.374,29.49751415942461
58.38400000000001,29.041147874438124
58.395,28.655725733110565
58.40500000000001,28.31411188328466
58.415,28.078025221646506
58.424,27.97950330476752
58.434000000000005,27.81104219679866
58.443999999999996,27.557293247617487
58.455000000000005,27.489176102239497
58.464999999999996,27.111893253875316
58.474,26.862528340883166
58.484,26.521241878271198
58.49400000000001,26.299238332084357
58.504,25.937862813692
58.513,25.725858931634477
58.523,25.32297546552202
58.534,25.05150986406951
58.544000000000004,24.51154170856904
58.553999999999995,24.265473457567737
58.562999999999995,23.668373048235807
58.573,22.990258970015006
58.583000000000006,22.08638848546844
58.594,21.58078949855122
58.604000000000006,21.201933087498077
58.61300000000001,21.21878823504673
58.623,21.07339807993197
58.633,20.82243760564635
58.644,20.113394724961218
58.65200000000001,19.465714569543252
58.663000000000004,18.594142108919364
58.672999999999995,18.047948703532015
58.683,17.69242180861015
58.693000000000005,17.313887122219242
58.702000000000005,16.997729818443602
58.711999999999996,16.673563407331677
58.723000000000006,16.465331446150707
58.733,16.148156436474153
58.743,15.587392285807331
58.752,14.703522929498634
58.76200000000001,13.921164954588411
58.772,13.505640679963955
58.78300000000001,13.594782805510087
58.793,13.529115742451639
58.802,13.225806953220106
58.812000000000005,12.42299420289991
58.821999999999996,11.886287041963184
58.833000000000006,11.167822361378322
58.841,10.365841883345096
58.852,10.130798146216598
58.862,9.411155561533047
58.87200000000001,9.178690538143552
58.882,8.826487743064012
58.891,8.570617279310083
58.901,8.192794595017293
58.912,7.777648995457511
58.922000000000004,7.181773097077574
58.931999999999995,7.287653885638804
58.940999999999995,6.6829371980053125
58.951,5.974096108227224
58.961000000000006,5.804828201237095
58.972,5.2654709198730885
58.982000000000006,4.911999574951356
58.99100000000001,4.560758155974614
59.001,4.400806032659272
59.011,4.224844069551196
59.02100000000001,4.186934130748956
59.03000000000001,3.9557289126688975
59.041000000000004,3.5342540907662094
59.050999999999995,3.5653835578116144
59.061,3.550280076068473
59.071000000000005,3.293528385619984
59.080000000000005,2.8622941495869396
59.089999999999996,2.7498599197330567
59.101000000000006,2.345867380261385
59.111,1.9711543577009243
59.121,1.685559217291388
59.13,1.505271871651697
59.14000000000001,1.906255764114885
59.15,2.061624435320268
59.16100000000001,1.6636717382777606
59.171,0.4966480770104802
59.18,-0.42903047980875986
59.190000000000005,-1.0851004609073143
59.199999999999996,-1.1997770940511883
59.21,-0.9612510242281123
59.219,-0.6655895243423853
59.229000000000006,-0.5858375024379558
59.24,-0.8207843585086563
59.25000000000001,-1.2911120783773633
59.26,-1.697291736318126
59.269,-1.8730110645729803
59.279,-1.813777319034637
59.29,-1.5811392812998268
59.300000000000004,-1.407944127239297
59.309999999999995,-1.308560060722841
59.318999999999996,-1.0178769849882126
59.329,-0.7142154335864594
59.339000000000006,-0.3656567526113923
59.35,-0.5927710562556321
59.36000000000001,-0.9301015997971991
59.36900000000001,-0.9729259760108646
59.379,-0.9911118906243175
59.389,-1.005581559866211
59.39900000000001,-0.9436898265825366
59.40800000000001,-0.7067013071836712
59.418,-0.6517610523266502
59.428999999999995,-0.7784551054426236
59.439,-0.8885934609624728
59.449000000000005,-0.8244440566749738
59.458000000000006,-0.6636492137600749
59.467999999999996,-0.485614004330424
59.479000000000006,-0.4940261892683768
59.489,-0.4994334566593617
59.499,-0.6142742865771895
59.508,-0.8535845015353214
59.51800000000001,-1.1538249756936056
59.528,-1.3786043342409924
59.538999999999994,-1.2464967982510302
59.547000000000004,-1.3176996371735643
59.558,-1.1923132773908973
59.568000000000005,-1.0156270846472824
59.577999999999996,-0.8989241568509163
59.588,-0.8304095657154917
59.597,-0.7607608391620708
59.607000000000006,-0.7606816075440808
59.618,-0.9362203199384975
59.62800000000001,-1.1994663642558483
59.638,-1.151426111364279
59.647,-0.9156602511048693
59.657000000000004,-0.6358796798411532
59.666999999999994,-0.40630950369103136
59.678000000000004,-0.449034923565363
59.687999999999995,-0.43610901631785914
59.696999999999996,-0.4316098126049521
59.707,-0.318756100487092
59.717000000000006,-0.3544939734961927
59.728,-0.22665808042093438
59.736,-0.06597488674724872
59.74700000000001,0.1585234665318982
59.757,0.1591197582994779
59.767,0.09911139370780742
59.77700000000001,0.10596053488582857
59.78600000000001,0.09200581850256118
59.796,-0.027399172970573815
59.806999999999995,-0.009994409671353566
59.817,-0.009411563890036945
59.827000000000005,0.07638697179079212
59.836000000000006,-0.02852700283868881
59.846,-0.06944571664690624
59.856,0.15161240681203836
59.867,0.20975463752322732
59.877,0.08844512460508547
59.886,0.09788777896193501
59.89600000000001,0.09726859967876766
59.906,0.04216402319242363
59.916999999999994,0.1778330071933496
59.925000000000004,0.17583562285720689
59.936,0.09601552502265065
59.946000000000005,0.31503135812728367
59.955999999999996,0.30392070877468313
59.966,0.3091390523483124
59.975,0.41709833340710123
59.98500000000001,0.43274246189425725
59.996,0.5388636301205096
60.00600000000001,0.6508243603249513
60.016,0.6404522347717663
60.025,0.6467063507003585
60.035000000000004,0.7660381370426048
60.044999999999995,0.8182822521871618
60.056000000000004,0.8804855581355602
60.065999999999995,0.8716857419650497
60.074999999999996,1.0473534845582773
60.085,1.1181061309385516
60.095000000000006,1.176155740977646
60.105,1.231754392831828
60.114,1.1268883014959936
60.12500000000001,1.1634714073899106
60.135,1.2197303346295207
60.145,1.2908811712057666
60.15500000000001,1.2908811712057666
60.163999999999994,1.179066939371821
60.174,1.0415920137828794
60.184999999999995,1.1738675267389915
60.195,1.0534526368671715
60.205000000000005,1.0483591506499144
60.214000000000006,1.1122755613326722
60.224,1.2474600115431143
60.234,1.3631045033287155
60.245,1.2415783327420051
60.255,1.0696081528309787
60.264,0.8254123313317905
60.27400000000001,0.7188804924948631
60.284,0.7633004551644778
60.294000000000004,0.816421154078979
60.303000000000004,1.0550765712795958
60.312999999999995,1.1182779638159248
60.324000000000005,1.2512538011571772
60.333999999999996,1.1860222521733172
60.344,1.2715220434932206
60.353,1.0927212614591149
60.36300000000001,1.1502741656812612
60.374,1.2060911935220302
60.38400000000001,1.2025354610372734
60.394,1.1555057796963917
60.403,1.2697965066339174
60.413000000000004,1.3336146093313195
60.422999999999995,1.5220048522336214
60.434000000000005,1.4505997219650366
60.443999999999996,1.3866727192260901
60.452999999999996,1.4387357823111335
60.463,1.366898582439859
60.473000000000006,1.3095162351319454
60.483,1.313091758115828
60.492,1.4224796607585226
60.502,1.3624215268233204
60.513,1.4378384543694374
60.523,1.5017332185501493
60.53300000000001,1.619614711706162
60.541999999999994,1.5657404020969503
60.552,1.5007860124640215
60.562000000000005,1.659256859741073
60.573,1.7289391007678416
60.583000000000006,1.540810623786414
60.592000000000006,1.5472620605904863
60.602,1.4052964489771282
60.612,1.2899694033098479
60.623,1.1842672027792123
60.633,1.0678625623010127
60.642,1.1260656598447403
60.65200000000001,1.2520771301055493
60.662,1.3668536039923076
60.672000000000004,1.4678981257414163
60.681000000000004,1.4615486284323218
60.690999999999995,1.2908811712057666
60.702000000000005,1.2899694033098479
60.711999999999996,1.361508032313207
60.722,1.2354442224419833
60.731,1.195567582083907
60.74100000000001,1.1815908595456976
60.751,1.2511654941919872
60.76200000000001,1.322845634869788
60.772,1.335354670707698
60.781,1.162431202884033
60.791000000000004,1.2786367470831754
60.800999999999995,1.2068993186314847
60.812000000000005,1.1345484428327364
60.821999999999996,1.0840306898230603
60.830999999999996,1.0789324980100883
60.841,1.1928576561602888
60.851000000000006,1.244100588864308
60.861,1.3085517044586155
60.87,1.2511654941919872
60.88,1.4106619033287187
60.891,1.301422326289316
60.901,1.3577940451800714
60.91100000000001,1.5305828042280085
60.919999999999995,1.5405266876023012
60.93,1.6053633645811116
60.940000000000005,1.5878407542930004
60.951,1.630091966783544
60.961000000000006,1.429617021293768
60.970000000000006,1.3731309677506607
60.98,1.3605885287459376
60.99,1.2468273422598593
61.00000000000001,1.1233966918899032
61.011,1.2431799059426298
61.02,1.178862182509163
61.03000000000001,1.2961513918315681
61.04,1.3023454805477277
61.050000000000004,1.4242228526129983
61.059000000000005,1.4815792945928798
61.068999999999996,1.4062186727065846
61.080000000000005,1.347175093248718
61.089999999999996,1.238877323104897
61.1,1.3112936692515502
61.109,1.3175202643573245
61.11900000000001,1.347175093248718
61.129,1.3543357065262152
61.14000000000001,1.244100588864308
61.15,1.128516084649223
61.159,1.3166095290123563
61.169000000000004,1.5353036463942509
61.178999999999995,1.7059213888674396
61.189,1.6178092956179153
61.199999999999996,1.6133542548494164
61.208000000000006,1.4330970702530585
61.219,1.4340575268699967
61.229000000000006,1.2327512450092142
61.239,1.0576879339469327
61.248,1.1303180389665402
61.258,1.3453172075246007
61.269,1.4684798361132447
61.279,1.6627592251926373
61.288999999999994,1.6723044757756886
61.297999999999995,1.508163472834073
61.308,1.4505734665225205
61.318000000000005,1.2786367470831754
61.329,1.162431202884033
61.339000000000006,1.2751178162249515
61.348000000000006,1.3633290041984356
61.358,1.3633290041984356
61.368,1.426077781949588
61.37800000000001,1.497185825844391
61.38700000000001,1.4834506671057142
61.397,1.426077781949588
61.40800000000001,1.4770679083404268
61.418,1.4242228526129983
61.428000000000004,1.3740559763159625
61.437000000000005,1.2520771301055493
61.446999999999996,1.2573276567188518
61.458000000000006,1.3085517044586155
61.467999999999996,1.3237590975493942
61.478,1.3821857975660752
61.487,1.5007860124640215
61.49700000000001,1.5229547877294376
61.507,1.5592536958747916
61.51800000000001,1.5334338125861118
61.528,1.2961513918315681
61.537,1.2511654941919872
61.547000000000004,1.2459243150727293
61.556999999999995,1.36592533531305
61.567,1.5832877098216853
61.576,1.5205995234061076
61.586000000000006,1.3633290041984356
61.597,1.4770679083404268
61.607000000000006,1.6056106531665995
61.617,1.6545341402985603
61.626,1.5353036463942509
61.636,1.540810623786414
61.64600000000001,1.3721999239567264
61.657000000000004,1.4305563975749491
61.666999999999994,1.497185825844391
61.675999999999995,1.540810623786414
61.686,1.5897641731791694
61.696000000000005,1.5537261659149548
61.707,1.5981575414232019
61.717000000000006,1.5981575414232019
61.726000000000006,1.6460587443415093
61.736,1.6911105882138324
61.746,1.5279456093735568
61.75600000000001,1.6545341402985603
61.76500000000001,1.662054936578171
61.775,1.5398698155901158
61.78600000000001,1.5270103939566253
61.796,1.5353036463942509
61.806000000000004,1.4169679151248165
61.815000000000005,1.6092697884672793
61.824999999999996,1.6610949062359914
61.835,1.4242228526129983
61.846,1.3784868257436234
61.856,1.4825180479327837
61.865,1.4634155024778037
61.87500000000001,1.4062186727065846
61.885,1.6027551757571459
61.89600000000001,1.5888055674115478
61.906,1.532489635813861
61.915,1.41975110752057
61.925000000000004,1.5537261659149548
61.934999999999995,1.5444125881469395
61.945,1.379420655641172
61.954,1.2468273422598593
61.964000000000006,1.3383584429796578
61.975,1.46797611122929
61.98500000000001,1.4125049928406979
61.995,1.596299903307334
62.004,1.773948780907432
62.014,1.7730009727735334
62.02400000000001,1.9158636765029398
62.035000000000004,2.026889883979748
62.044999999999995,1.6705382220545042
62.053999999999995,1.4369610709097653
62.064,1.0883681940068497
62.074000000000005,0.9099195781989406
62.083999999999996,1.028107570566549
62.092999999999996,1.2608671256301172
62.104000000000006,1.5183556671215452
62.114,1.4615897313027935
62.124,1.2546880873656603
62.13400000000001,1.1944450430976792
62.14300000000001,1.312957804389642
62.153,1.634908733319162
62.163999999999994,1.7947830149506476
62.174,2.036545136128506
62.184000000000005,2.148725642752048
62.193000000000005,2.1598263513823213
62.202999999999996,1.9815466799867218
62.213,1.8120649629638814
62.224,1.9775764665550266
62.234,2.261761377504304
62.243,2.5085904205188267
62.25300000000001,2.6495181950517006
62.263,2.925242881977618
62.273,2.999424565964542
62.282000000000004,2.69158500017707
62.291999999999994,2.603455180602263
62.303000000000004,2.5338043182687855
62.312999999999995,2.7290001178806156
62.323,3.0503133340897675
62.332,3.5167440106456596
62.342000000000006,3.624082212994299
62.353,3.5351549245751563
62.36300000000001,3.619204448180163
62.373,3.53278492175847
62.382,3.5707200927494913
62.392,3.9226945198902996
62.40200000000001,4.433520048445127
62.413000000000004,4.798009006382438
62.422999999999995,5.097603513896663
62.431999999999995,5.060160573120493
62.442,4.982173147890828
62.452000000000005,5.0983622381625135
62.461999999999996,5.210725542729726
62.471,5.188052298769252
62.481,5.056113700885312
62.492,4.9526644079767514
62.502,4.7570061248476065
62.51200000000001,4.366237899469297
62.52100000000001,4.61342295446266
62.531,5.858413928649915
62.541999999999994,7.175108370859055
62.552,8.150039032277192
62.562000000000005,8.546200619225974
62.571000000000005,8.513583767327455
62.580999999999996,8.353972817296432
62.591,8.593519607080152
62.602,9.151253948253142
62.612,9.460675567344879
62.621,9.873601418411583
62.63100000000001,10.270164349896843
62.641,10.390647261155822
62.651,10.28492235072732
62.660000000000004,10.12786505032405
62.669999999999995,9.959264999129973
62.681000000000004,9.584073757851653
62.690999999999995,8.709178280796115
62.701,9.25447453460239
62.71,10.681500494756055
62.720000000000006,11.582856407654054
62.73,12.14908832786662
62.74100000000001,12.75362480562866
62.751,12.954620533602567
62.76,12.911636368058213
62.77,12.76948105159425
62.78000000000001,12.982350544656091
62.791000000000004,12.951414122780216
62.800999999999995,12.814330241925125
62.809999999999995,13.303660214414213
62.82,14.641894831632603
62.830000000000005,15.472619168634923
62.839999999999996,15.523467810997792
62.849,15.61292537209504
62.859,15.644029484101475
62.87,15.45980034249087
62.88,15.654060477015735
62.89000000000001,15.708992742856745
62.89900000000001,15.963887355781962
62.909,17.07210088718518
62.919000000000004,19.075362456012797
62.93,20.77818197823725
62.940000000000005,20.986668285805308
62.949000000000005,20.818436423937698
62.958999999999996,20.886798185935334
62.969,20.804343714609438
62.979000000000006,20.856208130089996
62.99,20.81474179082587
62.999,20.98222045376569
63.00900000000001,21.28073521452189
63.019,21.155288476011457
63.029,20.91704562914311
63.038000000000004,21.427969670784123
63.047999999999995,21.781833773976373
63.059000000000005,21.231395587880343
63.068999999999996,20.584497373085725
63.079,20.052825521140647
63.088,19.722612935501168
63.098000000000006,20.610850960555965
63.108,23.14756690348964
63.11900000000001,25.000258573501313
63.129,25.93348285173294
63.138,26.961181100852954
63.148,27.16791316239238
63.15800000000001,26.613065276203344
63.168,25.796821674083454
63.178999999999995,26.30421265397792
63.187000000000005,26.62747456128345
63.198,27.04696100355003
63.208000000000006,29.128930411758333
63.217999999999996,31.026781692939934
63.227,32.79894792345071
63.237,31.459951239579695
63.248,31.151677709078662
63.258,29.865076387687097
63.26800000000001,29.63322786069935
63.27700000000001,30.49805285698951
63.287,30.51909716804846
63.297000000000004,30.203521478188335
63.308,30.529954420422982
63.318000000000005,30.688247749383358
63.327000000000005,31.066113204055306
63.336999999999996,31.190924649751416
63.347,31.531694417485504
63.357000000000006,31.979506186324983
63.36600000000001,32.36283318781815
63.376,32.906468063982196
63.38700000000001,32.87557559299623
63.397,32.4491686153322
63.407000000000004,32.744807004754726
63.416000000000004,33.99967889914863
63.425999999999995,34.81586532960434
63.437000000000005,34.69340292976005
63.446999999999996,34.2657343648206
63.457,33.68721423947394
63.466,33.21165471379813
63.476000000000006,33.22700986272869
63.486,33.9366226057373
63.49700000000001,34.750136987645185
63.507,35.09655867576034
63.516,35.13484354232636
63.526,34.87601115680828
63.53600000000001,34.24017284786696
63.546,34.18002993663374
63.555,34.04869007588233
63.565000000000005,34.59058086586615
63.576,35.43887426827855
63.586000000000006,35.68978077959725
63.596,36.071611281981404
63.605,36.785842240994754
63.615,37.1875043939725
63.62500000000001,36.868170018788746
63.636,36.54105934467937
63.64600000000001,36.127076731142964
63.65500000000001,35.70486576422361
63.665,35.54866651706269
63.675000000000004,35.44602608443437
63.686,35.99136027408881
63.696000000000005,36.5710468589935
63.705000000000005,36.770285611870015
63.714999999999996,37.0115978679673
63.725,36.526833291929314
63.73500000000001,35.90988863354572
63.74400000000001,35.95342329737307
63.754,36.405256326807965
63.76500000000001,36.965058319216205
63.775,37.39787132698415
63.785000000000004,37.43690681675479
63.794000000000004,37.06791940929825
63.803999999999995,36.95682279515217
63.814,37.28721489668036
63.824999999999996,37.54964623410254
63.835,37.73770326408422
63.844,37.60944741299221
63.854000000000006,37.410592044300266
63.864,37.13819358654077
63.87500000000001,36.94620006202786
63.885,37.031319797140405
63.894,37.642565734674555
63.904,38.18238227462056
63.913999999999994,38.38265575309289
63.924,37.988778748990164
63.933,37.517583928353595
63.943000000000005,36.985399904069226
63.954,36.20157288868241
63.964000000000006,35.93830629926669
63.974,36.126403386107015
63.983,36.54485030986555
63.993,36.97486765041543
64.003,37.15737018642346
64.014,37.162986602225544
64.024,37.08163604874917
64.033,36.863450048216166
64.04299999999999,36.915666679582486
64.053,36.91722652291207
64.06299999999999,37.112927669878744
64.074,37.52916948218774
64.083,37.52750962354152
64.09299999999999,37.363846388122795
64.103,37.41098623799345
64.113,37.64220130365335
64.122,37.881549308554995
64.13199999999999,37.881549308554995
64.143,37.93823517293733
64.15299999999999,38.049047040615385
64.163,38.04318262304792
64.172,38.040209451111956
64.18199999999999,37.92034471775967
64.192,37.827946038442505
64.20299999999999,37.59290473618157
64.213,37.25959105206192
64.222,36.965741245484395
64.232,37.09060413059244
64.24199999999999,36.988413419181114
64.252,37.00625960037742
64.26299999999999,36.74345158764843
64.271,36.485992304700524
64.282,36.35227538386425
64.29199999999999,36.41182796838037
64.30199999999999,36.755901859390995
64.31099999999999,37.21498962608917
64.321,37.14809905222016
64.332,36.91753908797017
64.342,37.520874618923884
64.35199999999999,40.46306470984472
64.36099999999999,33.30361081680791
64.371,37.20537868763879
64.381,37.337431892734934
64.392,37.187367817244954
64.402,37.21142070087484
64.411,37.08383868862123
64.42099999999999,37.01033149924087
64.431,37.29408995571381
64.44099999999999,37.38149028926475
64.44999999999999,37.3639290221493
64.46,37.21534207236344
64.47099999999999,36.86693747873851
64.481,36.574855393557364
64.491,36.43372739018105
64.5,36.45739157964349
64.50999999999999,36.70027814913309
64.521,36.944882172465256
64.53099999999999,37.134920941722136
64.541,36.976858367138355
64.55,36.83165867146322
64.55999999999999,36.99818518434023
64.57,37.2610130221919
64.58099999999999,37.39455233244077
64.591,37.35077597631816
64.6,36.895800812927405
64.61,36.64576876399666
64.61999999999999,36.71709476056223
64.63,36.95760445558016
64.639,37.20588368504719
64.649,37.30330695308418
64.66,37.217688289468725
64.66999999999999,37.09756788446864
64.67999999999999,36.72689635552397
64.689,36.43562124754411
64.699,36.438740173415944
64.70899999999999,36.821109197086145
64.72,37.101920379359456
64.72999999999999,37.26686922430763
64.73899999999999,37.19686135136962
64.749,36.95910396754977
64.759,36.81129493779145
64.77,36.696672528135494
64.78,36.74502084501045
64.78899999999999,36.803075968116055
64.79899999999999,36.773417101971496
64.809,36.710402885616475
64.81899999999999,37.09030742205923
64.82799999999999,37.26372398092866
64.838,37.311335493181154
64.84899999999999,37.391458419540065
64.859,37.30201996172823
64.869,36.95794701821722
64.878,36.58595207702098
64.88799999999999,36.58640612080137
64.898,36.788899473132666
64.90899999999999,37.00593036209276
64.919,37.03720031534772
64.928,37.07535518753313
64.93799999999999,37.406705771926475
64.948,37.330207941832285
64.958,36.95114660069586
64.969,36.62554253101034
64.978,36.719809676797894
64.988,36.763154161540626
64.99799999999999,36.818201367639666
65.008,36.823762397493034
65.017,36.70498677542967
65.027,37.07918183498219
65.038,37.32592354308767
65.04799999999999,37.42868579032419
65.05799999999999,37.26224372852598
65.067,37.014800676760956
65.077,36.703365935065506
65.08699999999999,36.56663577486455
65.098,36.52850879107107
65.10799999999999,36.548659508920764
65.11699999999999,36.73700977180254
65.127,36.92731716504275
65.137,37.01644801598303
65.14699999999999,36.92230782021318
65.158,36.97371152934866
65.16699999999999,37.059127267345175
65.17699999999999,37.22656455310286
65.187,37.01921662676129
65.19699999999999,36.81295012780574
65.20599999999999,36.56663577486455
65.216,36.612315765511354
65.22699999999999,36.57672380346557
65.237,36.74607231000761
65.247,36.86561329848723
65.256,36.498610059998356
65.26599999999999,36.22081924964376
65.276,36.04638231500691
65.28699999999999,36.023473346503415
65.297,36.44990251553378
65.306,36.94424420190843
65.31599999999999,37.150036437516015
65.326,37.061982703734266
65.336,36.77271314309512
65.347,36.40298067737887
65.35499999999999,36.245323282481635
65.366,36.23604650734396
65.37599999999999,36.43782167659166
65.386,36.67490696809858
65.395,36.82842969952933
65.405,37.071606453822646
65.416,37.18685267811346
65.42599999999999,37.107278999713444
65.43599999999999,36.86359811623507
65.445,36.705695096431505
65.455,36.63167997600122
65.46499999999999,36.590848616465415
65.476,36.43892128349297
65.48599999999999,36.230561573848554
65.49499999999999,36.3821684182365
65.505,36.9178897577519
65.515,37.16166868383877
65.52499999999999,37.18089476750098
65.536,36.88595655834568
65.544,36.85650254601896
65.55499999999999,36.69788924841952
65.565,36.62621219674384
65.57499999999999,36.58163509417181
65.58399999999999,36.45910122372654
65.594,36.37319050044327
65.604,36.243733637907795
65.615,36.37613680423611
65.625,36.3157965835611
65.634,36.409347761981245
65.64399999999999,36.52323969525642
65.654,36.39242477267157
65.66499999999999,36.57160978839025
65.675,36.71938004524357
65.684,36.546211581695644
65.69399999999999,36.62791846973366
65.704,36.74749401570928
65.714,36.758130689523924
65.725,36.73422374274922
65.73299999999999,36.91504801614947
65.744,36.82908454464161
65.75399999999999,36.793113105947086
65.764,36.606000179553426
65.773,36.58297240343206
65.783,36.56614512783337
65.79299999999999,36.73432211648585
65.80399999999999,36.800882299193894
65.814,36.802046294978076
65.823,37.08882143902999
65.833,37.11251984600351
65.84299999999999,37.11508427820395
65.854,36.769427056047476
65.86399999999999,35.986972654243495
65.87299999999999,35.61187177716698
65.883,35.68221517682944
65.893,35.76662815908399
65.90299999999999,36.099906955211075
65.91199999999999,36.484863995236296
65.922,36.78000377443072
65.93299999999999,37.02789620932253
65.943,36.836304645209005
65.95299999999999,36.407971210755925
65.96199999999999,36.21772585652383
65.972,36.2576120717391
65.982,36.73011688379854
65.993,37.0655318318603
66.003,37.072339078502594
66.012,37.02817886421896
66.02199999999999,36.72311109337668
66.032,36.64438308647893
66.04199999999999,36.66571697620549
66.053,36.666666205264825
66.062,36.478269329003126
66.07199999999999,36.2805621298977
66.082,35.863682266227194
66.092,35.38048725601504
66.101,35.16566905235412
66.11099999999999,34.94922078731109
66.122,34.6927774475302
66.13199999999999,35.021352663713365
66.142,35.50731136550033
66.151,35.928152624158415
66.161,35.93776884729604
66.17099999999999,35.84944788692207
66.18199999999999,35.689947237542754
66.192,35.136686141745386
66.201,34.4015151173221
66.211,34.29966891398205
66.22099999999999,34.246102616563604
66.231,34.18594632985097
66.24199999999999,34.011526330776945
66.25,33.89677316974072
66.261,33.47920430034322
66.271,33.28167002396466
66.28099999999999,33.201290607125316
66.28999999999999,33.0377909827816
66.3,32.86791955789402
66.31099999999999,32.891142722960275
66.321,32.80437966612896
66.33099999999999,32.55596147188465
66.33999999999999,32.431157442437744
66.35,32.37637173647864
66.36,32.19521813643536
66.371,32.1499673063853
66.381,31.84155512305837
66.39,31.384557472916555
66.39999999999999,30.578938195205268
66.41,30.02610829077736
66.41999999999999,29.727835740942133
66.431,29.476366397336818
66.439,29.310820997266994
66.44999999999999,29.062021948711966
66.46,28.85783459242478
66.47,28.55873238473137
66.479,28.255527457157427
66.48899999999999,27.720647055222535
66.5,27.155105198365987
66.50999999999999,26.50325893608862
66.52,26.365995323372182
66.529,26.283224134677702
66.53899999999999,26.17272682809775
66.54899999999999,26.309004298320012
66.55999999999999,25.876445489930425
66.57,25.245866567290598
66.579,24.686734074707715
66.589,24.22116240730186
66.59899999999999,24.190106137298727
66.609,23.99865888246414
66.61999999999999,23.423648714609705
66.628,22.864101937882587
66.639,22.507487217953802
66.649,22.204332702991593
66.65899999999999,22.116945697597366
66.66799999999999,21.65159692819944
66.678,21.2785666228202
66.68799999999999,20.54136527590242
66.699,19.629961215170248
66.70899999999999,18.827003592642
66.71799999999999,18.231963287444252
66.728,17.878324133519293
66.738,17.587397786147598
66.749,17.128166739915663
66.759,16.672448374802094
66.768,16.45349444389383
66.77799999999999,16.47597630729978
66.788,16.215967365521223
66.79799999999999,15.858186375588625
66.809,15.292653635956531
66.817,14.992170401551446
66.82799999999999,14.411917640849902
66.838,13.67968909109843
66.848,12.709376263140724
66.857,12.097490509134351
66.86699999999999,11.925875677833703
66.877,11.742835510725518
66.88799999999999,11.421151264442491
66.898,11.353742533393278
66.907,11.082438204083461
66.91699999999999,10.175034054234894
66.92699999999999,9.220617330960788
66.937,8.502912289400086
66.948,8.223004501659887
66.957,8.403155416309689
66.967,8.373535133730918
66.97699999999999,7.792995835585248
66.987,7.2922528918175615
66.99799999999999,7.018898146961208
67.006,6.59235395820172
67.017,6.053139334155739
67.027,5.555502924815192
67.03699999999999,5.172486333558556
67.04599999999999,5.004961079467188
67.056,4.923402481660766
67.06599999999999,4.940417518479931
67.077,4.7005707990815715
67.08699999999999,4.412480515663697
67.09599999999999,4.5092109925247765
67.106,4.653355308662572
67.116,4.691926280077594
67.12599999999999,4.514736073826258
67.137,4.179240545448087
67.146,3.8106835473719283
67.15599999999999,3.3522428595129963
67.166,2.8441297216512336
67.17599999999999,2.9187419921713245
67.187,3.1795349504056336
67.195,3.5730665535276476
67.20599999999999,3.445299838915407
67.216,2.6250072563504334
67.226,2.030090305606694
67.235,1.4357776664883044
67.24499999999999,0.9880765419422621
67.255,0.7986288497678196
67.26599999999999,0.6717405175846807
67.276,0.38871020480825447
67.285,0.2069662511637791
67.29499999999999,0.1609620329401471
67.30499999999999,-0.07006330470434907
67.315,-0.1329722012927581
67.326,-0.06436411706107936
67.33399999999999,-0.012807326210840131
67.345,-0.1266911678192093
67.35499999999999,-0.30405081620049756
67.365,-0.43873778603958336
67.374,-0.4035568508598022
67.384,-0.21717908835772182
67.395,-0.09731515220646081
67.405,0.07424719200017904
67.41499999999999,0.17864153319168707
67.42399999999999,0.19305041348182606
67.434,0.20332511967315536
67.44399999999999,0.265501245151591
67.455,0.31821730243339896
67.46499999999999,0.2602930586070631
67.47399999999999,0.18550880214262389
67.484,0.24276320796644324
67.494,0.2023638130313712
67.50399999999999,-0.08248946203665852
67.515,-0.20944657570217018
67.523,0.1777408497150761
67.53399999999999,0.46727242838897354
67.544,0.3799937973294254
67.55399999999999,0.2567654723740551
67.564,0.07448790718027087
67.573,-0.1510601720157574
67.583,-0.4552172564286012
67.594,-0.46325032317922954
67.604,-0.16915399388518448
67.613,-0.036271024628967474
67.62299999999999,0.08851667324926815
67.633,-0.1366712881442833
67.64399999999999,-0.6101519401597857
67.654,-1.0241000879632218
67.663,-1.261748055981657
67.67299999999999,-1.1400239421967124
67.68299999999999,-1.008020714378008
67.693,-0.8348181814871074
67.704,-0.7684654038445364
67.71199999999999,-0.7784804760544688
67.723,-0.8373203121674129
67.73299999999999,-0.9472198654593873
67.743,-0.8307026596734772
67.753,-0.7609064422711933
67.762,-0.6988399971881343
67.77199999999999,-0.8716390795607261
67.783,-0.9320257107931456
67.79299999999999,-0.9400788647202352
67.80199999999999,-0.8949040847543603
67.812,-0.7209183113091555
67.82199999999999,-0.76768791635706
67.833,-0.9436245936272512
67.84299999999999,-1.0209823473802593
67.85199999999999,-1.1932827711031684
67.862,-1.2577106662188813
67.872,-1.3258648636461223
67.88199999999999,-1.5546471017714452
67.893,-1.3915485028394063
67.901,-1.164185157131703
67.91199999999999,-0.8639547659095062
67.922,-0.43803540630472426
67.93199999999999,-0.44202638100802094
67.94099999999999,-0.6075796466044157
67.951,-0.48469779067006336
67.961,-0.598908686614446
67.972,-0.4949997394183363
67.982,-0.2662405386856932
67.991,-0.15142145079378633
68.00099999999999,-0.10206992004350912
68.011,0.01141346996328707
68.021,0.06698380205633203
68.032,0.05355692117047628
68.041,-0.01020218386356575
68.05099999999999,0.1091498025842883
68.06099999999999,0.3459493721410549
68.071,0.46675745767231813
68.082,0.47150954948231405
68.08999999999999,0.41367547422839035
68.101,0.41367547422839035
68.11099999999999,0.3741580235978379
68.121,0.24379624116168142
68.13,0.20305339138484246
68.14,0.14559469660430313
68.14999999999999,0.07696294911292423
68.161,0.1405202187683603
68.17099999999999,0.016895166792990857
68.17999999999999,0.02073467350929814
68.19,-0.03664088331078652
68.19999999999999,0.14326066400347948
68.21,0.38660110291591465
68.22099999999999,0.5083255031195222
68.229,0.46637721255257336
68.24,0.3972810494942678
68.25,0.09428125307505475
68.25999999999999,0.038903979294437896
68.271,0.03392339319806492
68.279,-0.019743366265879914
68.28999999999999,-0.003320964949018901
68.3,0.07512598080429189
68.30999999999999,0.13202308029998733
68.31899999999999,0.11165068310572845
68.329,-0.012699032437512692
68.339,-0.12320338149346632
68.35,-0.13336456254419815
68.36,-0.20994219287144755
68.369,0.015653188475048374
68.37899999999999,-0.02799562231804309
68.389,0.1387874955951629
68.399,0.19562111755408207
68.41,0.26686605239540917
68.41799999999999,0.30804740379205153
68.42899999999999,0.3196948351019788
68.439,0.501050267542321
68.449,0.4369265014830015
68.45899999999999,0.43094294740996375
68.46799999999999,0.3121013550259395
68.479,0.3889495395734821
68.48899999999999,0.21675602116252257
68.499,-0.020282444230369734
68.509,-0.010415645608554236
68.518,-0.07352541008103763
68.52799999999999,-0.08271922843120638
68.53899999999999,-0.07893752556701461
68.54899999999999,-0.2124896460123118
68.55799999999999,-0.3846283491307698
68.568,-0.39419771625357214
68.57799999999999,-0.2986539172842022
68.588,-0.46533248336039
68.59899999999999,-0.46088896941085
68.607,-0.22036422658659927
68.618,-0.09619837871329118
68.628,-0.15833783388585942
68.63799999999999,-0.4930700452288219
68.648,-0.4351037555607089
68.657,-0.3257342677404216
68.66699999999999,-0.32418551814385665
68.678,-0.26210264914671555
68.68799999999999,-0.13705051242863764
68.69699999999999,-0.08544675456915929
68.707,-0.08434148817293963
68.717,0.03230697139298666
68.728,0.14840030359864453
68.738,0.21334637651299726
68.747,0.27894153512180164
68.75699999999999,0.2731048124438322
68.767,0.15577386017386896
68.777,0.08640216750869367
68.788,0.06641125598695119
68.79599999999999,0.062008971477721
68.80699999999999,0.1399458806812266
68.817,0.24496863212048847
68.827,0.3524251064937225
68.83699999999999,0.24776411933231213
68.84599999999999,0.32015732097573846
68.856,0.42681907591913504
68.86699999999999,0.435049029320294
68.877,0.3929441166572829
68.886,0.3346953803241135
68.896,0.5107050307492091
68.90599999999999,0.5155349597035066
68.91699999999999,0.5033425136234602
68.92699999999999,0.6828460478711014
68.93599999999999,0.5595620243578381
68.946,0.6682861904832684
68.95599999999999,0.7674026859377889
68.966,0.7674026859377889
68.97699999999999,0.7144248389554848
68.985,0.7144248389554848
68.996,0.5942844203195463
69.006,0.7575899702354789
69.01599999999999,0.707430054832809
69.026,0.7299792624921766
69.035,0.6101787750411765
69.04499999999999,0.5404584056926538
69.056,0.5500173535312847
69.06599999999999,0.6094987261824114
69.07499999999999,0.6767248393591014
69.085,0.4892107258250853
69.095,0.4892107258250853
69.10499999999999,0.5500173535312847
69.116,0.5507064365478795
69.125,0.4264656548985615
69.13499999999999,0.36780381195412737
69.145,0.4251395897317032
69.155,0.42981236038405957
69.166,0.4831372542849426
69.17399999999999,0.6094987261824114
69.18499999999999,0.5493229535322701
69.195,0.43380120322428795
69.205,0.4384693043596162
69.21499999999999,0.4398491039401353
69.22399999999999,0.3770518937496581
69.234,0.3770518937496581
69.24499999999999,0.4871867199075606
69.255,0.48581113866608305
69.264,0.4284511555534145
69.274,0.3605245828571402
69.28399999999999,0.5533899154840736
69.294,0.5935682429583551
69.30499999999999,0.6585372607870319
69.31299999999999,0.6031364604445981
69.324,0.5486232427361557
69.33399999999999,0.48110357568526574
69.344,0.42242531259500904
69.354,0.3664712479934549
69.363,0.43516648441929284
69.374,0.43311076736848086
69.384,0.5020628277023196
69.39399999999999,0.4317143358556219
69.404,0.4391618090718312
69.413,0.5020628277023196
69.42299999999999,0.49523001460089144
69.434,0.5020628277023196
69.44399999999999,0.4445330040168649
69.45299999999999,0.43311076736848086
69.463,0.5384034843671399
69.473,0.5588724037322716
69.48299999999999,0.6038647992662325
69.494,0.5949896791747538
69.502,0.5949896791747538
69.51299999999999,0.6571077965996839
69.523,0.720046319307734
69.533,0.7645621807332272
69.54299999999999,0.7144162474876437
69.55199999999999,0.7151409323032807
69.562,0.6675390688698242
69.573,0.5060881389031158
69.583,0.6129608301733924
69.59299999999999,0.5493229535322701
69.60199999999999,0.6648240024447043
69.612,0.8920720114683256
69.62299999999999,0.8455095523721434
69.633,0.8404956626811018
69.642,0.8913177340194407
69.652,0.8920720114683256
69.66199999999999,0.9580366876225561
69.672,1.078797541316459
69.68299999999999,0.9420112016410611
69.69099999999999,0.7709759190321686
69.702,0.7611016401552346
69.71199999999999,0.7087972389807167
69.722,0.7660381370426048
69.732,0.5377079420310089
69.741,0.6067246878606714
69.75099999999999,0.7731717142402523
69.762,0.9580366876225561
69.77199999999999,0.9772880241033777
69.782,0.793779958352232
69.791,0.7930280909133423
69.80099999999999,0.6156508298507726
69.812,0.36714009107307444
69.82199999999999,0.36383326375781433
69.83099999999999,0.41447994466636207
69.841,0.5963898011896367
69.851,0.8217770475875037
69.86099999999999,1.0572509526391007
69.872,1.012620383769491
69.88,0.854265039270131
69.89099999999999,0.7335169174551242
69.901,0.6648240024447043
69.911,0.6185063336320056
69.92099999999999,0.5116141979284397
69.92999999999999,0.4987027498723995
69.94,0.5500173535312847
69.951,0.6136591188494451
69.961,0.6143520137736314
69.97099999999999,0.6697042614992581
69.97999999999999,0.7222104642961797
69.99,0.7264165161108078
70.0,0.6156508298507726
70.011,0.5006537200172527
70.02,0.5020628277023196
70.03,0.6081224632989137
70.03999999999999,0.7285706696022896
70.05,0.9074131354901089
70.06099999999999,0.906682696582906
70.06899999999999,0.9052047684322595
70.08,0.9729268073263713
70.08999999999999,0.9772880241033777
70.1,1.0200847066034546
70.11,1.008969680483319
70.119,1.0535949812993364
70.12899999999999,1.1047754976826134
70.14,0.9267858853865567
70.14999999999999,0.8689445252702495
70.16,0.7039096361265926
70.169,0.8261822161150327
70.17899999999999,0.710236852284325
70.189,0.7860093575344758
70.19999999999999,0.8362188779629625
70.208,0.854265039270131
70.219,0.8557217393060732
70.229,0.7952670109113891
70.23899999999999,0.6753042996772107
70.25,0.5507064365478795
70.258,0.3248559226199106
70.26899999999999,0.25564037326255296
70.279,0.30392070877468313
70.28899999999999,0.3605245828571402
70.29899999999999,0.6641152592720827
70.30799999999999,0.8834287102064557
70.318,0.9633996825129865
70.329,0.7696319195188037
70.339,0.7214945558950312
70.34899999999999,0.8593208241125563
70.35799999999999,0.8477470572870258
70.368,0.8339947165055968
70.378,0.7151409323032807
70.389,0.8182822521871618
70.39699999999999,0.7039096361265926
70.408,0.6585372607870319
70.41799999999999,0.6495052674088608
70.428,0.42046816442992174
70.43799999999999,0.4331244097671956
70.44699999999999,0.473682679152561
70.458,0.25696843692791926
70.46799999999999,0.22789490752133457
70.478,0.39420944036885075
70.488,0.4952935985026121
70.497,0.31429040321781265
70.50699999999999,0.027782304068539432
70.518,-0.2595970424596974
70.52799999999999,-0.4400777799823983
70.538,-0.8432383517397852
70.547,-1.3177506143570512
70.55699999999999,-1.6646100012954612
70.567,-1.482835065923398
70.57799999999999,-1.365244593412041
70.586,-1.463296720575452
70.597,-1.2313912043881619
70.607,-1.2351023966255177
70.61699999999999,-1.6403380506863616
70.627,-2.107657008715319
70.636,-2.4522755914033634
70.646,-2.802299500762174
70.657,-2.9772735766148397
70.66699999999999,-2.861125892967952
70.67699999999999,-2.632421365155023
70.68599999999999,-3.037663534768967
70.696,-3.2672760609972347
70.707,-3.3225612210434194
70.717,-3.2628356124823297
70.72699999999999,-3.2672760609972347
70.73599999999999,-3.7873493075874496
70.746,-4.361208579129048
70.756,-4.88030068568016
70.767,-4.995352755624493
70.77499999999999,-5.398867485320923
70.786,-5.745777000726767
70.79599999999999,-6.036821122344759
70.806,-6.494485797596344
70.81599999999999,-6.778887544295096
70.82499999999999,-7.027361126090474
70.835,-7.374313125800884
70.84599999999999,-8.106037196340155
70.856,-8.857439231499061
70.866,-9.309355363036936
70.875,-9.512289488378906
70.88499999999999,-9.582122457581054
70.896,-9.51510703514786
70.90599999999999,-9.606069600480712
70.916,-9.968698380298369
70.925,-10.795361522533465
70.93499999999999,-11.530807086434454
70.945,-11.92316765994193
70.95599999999999,-12.107376080043462
70.964,-12.205821125596072
70.975,-12.198002770088927
70.985,-12.670564961952795
70.99499999999999,-13.16378348065993
71.005,-13.592244015481453
71.014,-14.52583133278278
71.024,-15.154778744099069
71.035,-15.1801398359712
71.04499999999999,-15.221131367822855
71.05499999999999,-15.334806234777515
71.064,-15.390844783729849
71.074,-15.679937100492529
71.08399999999999,-15.942290450962044
71.095,-16.870066774664913
71.10499999999999,-17.340918534536236
71.11399999999999,-17.268773571051355
71.124,-17.521981989645163
71.134,-18.094904494473788
71.145,-18.582500840218742
71.15299999999999,-18.934971734760087
71.16399999999999,-19.301440075152016
71.17399999999999,-18.951596719648506
71.184,-19.131557921792904
71.19399999999999,-19.219656228751255
71.20299999999999,-19.191178425749932
71.213,-19.61510681861261
71.22399999999999,-20.242592270520984
71.234,-20.568326593288663
71.244,-20.64092053697634
71.253,-20.681507422181134
71.26299999999999,-21.067784813215745
71.273,-21.872879200105103
71.28399999999999,-21.93114090033142
71.29199999999999,-22.291540848331337
71.303,-22.498268895409545
71.31299999999999,-22.848323254228454
71.323,-23.28813136114792
71.333,-24.15107532369749
71.342,-24.69240682147379
71.353,-24.736113634951607
71.363,-24.829803435106335
71.37299999999999,-25.331694735922653
71.383,-25.271347851637422
71.392,-25.160576102320604
71.402,-24.91699683068144
71.413,-25.367601379721243
71.42299999999999,-26.01844142759954
71.43299999999999,-26.42622692111845
71.442,-26.693162068630244
71.452,-26.801242218075657
71.46199999999999,-26.85620881017998
71.473,-27.091391325170136
71.48299999999999,-27.361433737208692
71.49199999999999,-27.762276171948834
71.502,-28.22647570640914
71.512,-28.361264248575907
71.52199999999999,-28.106652475314903
71.53099999999999,-27.782307199383226
71.54199999999999,-28.069486357774295
71.55199999999999,-28.606148338284243
71.562,-28.576955337894447
71.57199999999999,-28.19596924026299
71.58099999999999,-27.992863166335056
71.591,-28.19606731309394
71.60199999999999,-29.170411540161886
71.612,-29.696884349265503
71.622,-29.951303162416096
71.631,-29.561423255952363
71.64099999999999,-29.32460066625488
71.651,-29.80451669795528
71.66199999999999,-30.21508909664432
71.66999999999999,-30.62180030730444
71.681,-31.502681270602032
71.69099999999999,-31.502852552245848
71.701,-31.169798402945375
71.711,-31.401580034756712
71.72,-31.27503044645738
71.72999999999999,-31.045275690336574
71.741,-30.895070446251083
71.75099999999999,-31.101179460425136
71.761,-31.225779430273803
71.77,-31.426494095599438
71.78,-31.705355431335292
71.791,-31.501753552867335
71.80099999999999,-31.11746119936347
71.81099999999999,-31.29653222507566
71.82,-31.244692980250953
71.83,-30.936139213284292
71.83999999999999,-31.169784286224193
71.851,-31.374109121017604
71.859,-31.32138573289562
71.86999999999999,-31.373300180254304
71.88,-30.911116995951758
71.89,-30.756050231795882
71.89999999999999,-30.98767900481822
71.90899999999999,-31.19270747261647
71.919,-31.65627715186112
71.92999999999999,-31.734261531758015
71.94,-32.017544222826025
71.94999999999999,-32.1160764628479
71.95899999999999,-31.936615821562256
71.969,-31.809322243516633
71.979,-31.883736948625128
71.99,-31.90826447200358
72.0,-31.655257731071956
72.009,-31.83348768667669
72.01899999999999,-31.55124280958715
72.029,-31.32388902681617
72.03999999999999,-31.553012737209357
72.04799999999999,-31.755280848060785
72.059,-31.881001991409605
72.06899999999999,-32.03271293569478
72.079,-32.3151969585881
72.089,-32.26778967788708
72.098,-32.16827888124193
72.10799999999999,-31.887308102218746
72.119,-31.93717803214046
72.12899999999999,-32.21726514967795
72.139,-32.367159799583526
72.148,-32.36669086545249
72.158,-32.08896376874516
72.16799999999999,-32.21844651404394
72.17899999999999,-32.116123176750435
72.189,-31.88738764980802
72.198,-31.577349914732693
72.208,-31.24174111812512
72.21799999999999,-31.13842627307516
72.229,-30.95656410321979
72.237,-30.823199355636056
72.24799999999999,-30.90278687245757
72.258,-31.13553431622571
72.268,-31.290189299958364
72.27799999999999,-31.316491510135492
72.28699999999999,-31.344628563721095
72.297,-31.62784448999708
72.30799999999999,-32.03760918262257
72.318,-31.988559006895144
72.32799999999999,-31.809163806115606
72.33699999999999,-31.75507593177816
72.347,-31.626152527785436
72.357,-31.701703193973536
72.368,-31.548506294120422
72.378,-31.575844759048557
72.387,-31.65048671646266
72.39699999999999,-31.46708762026418
72.407,-31.231769473840167
72.41699999999999,-31.07996753855486
72.42599999999999,-31.10594344297982
72.437,-31.182570817988868
72.44699999999999,-31.460654846264866
72.457,-31.534525409097064
72.467,-31.614436550548675
72.476,-31.513864379276164
72.48599999999999,-31.722199428822826
72.497,-32.00681423759572
72.50699999999999,-32.12876156847052
72.517,-32.14754927803295
72.526,-32.09831808185635
72.536,-32.07613746102995
72.54599999999999,-32.12778489539757
72.55699999999999,-32.227977798960865
72.567,-32.146999136021186
72.576,-31.993469163209284
72.586,-31.919990704218975
72.59599999999999,-31.797498033771284
72.606,-31.79568764887823
72.615,-31.850094813514644
72.625,-31.647393217392455
72.636,-31.392184519500923
72.646,-31.20959017808306
72.65599999999999,-31.440858921578382
72.66499999999999,-31.82630747864917
72.675,-31.957642725194674
72.68599999999999,-31.85549046680054
72.696,-31.728990215940527
72.70599999999999,-31.834874712229073
72.71499999999999,-32.34951596114797
72.725,-32.57123198938994
72.735,-32.58982951965451
72.746,-32.58340642833756
72.756,-32.68739576442913
72.765,-32.5866237552294
72.77499999999999,-32.48180404642509
72.785,-32.182514497812065
72.79499999999999,-32.13587672682415
72.80399999999999,-32.136477882892464
72.814,-32.186926781008495
72.82499999999999,-32.365123620506516
72.835,-32.5475277816097
72.845,-32.49512198538068
72.854,-32.340784679075966
72.86399999999999,-32.23587816887997
72.875,-32.21383215186089
72.88499999999999,-32.063234221660196
72.895,-31.88797598335838
72.904,-31.964760949234822
72.91399999999999,-31.908149809895548
72.92399999999999,-31.95825827103475
72.93499999999999,-32.00697287820068
72.945,-31.93324510305564
72.954,-32.2927134338381
72.964,-32.37033486524258
72.97399999999999,-32.47447614937163
72.984,-32.57414253455941
72.993,-32.545853975006615
73.003,-32.440952381785756
73.014,-32.41526008850219
73.024,-32.51581267361342
73.03399999999999,-32.440255037683194
73.04299999999999,-32.34139161881475
73.053,-32.31206507710303
73.06299999999999,-32.20863089272183
73.074,-32.18551137282564
73.08399999999999,-32.16149421598976
73.09299999999999,-32.056239457725894
73.103,-31.465170923949827
73.113,-31.18337191488893
73.124,-31.317192714272444
73.134,-31.314445372189113
73.143,-31.364248361411853
73.15299999999999,-32.01121657708672
73.163,-32.414428087967515
73.17299999999999,-32.06310659615668
73.18199999999999,-32.214741607822575
73.192,-32.21778744049666
73.20299999999999,-32.244664873125885
73.213,-32.49788371066125
73.223,-32.61687704761209
73.232,-32.56002981651541
73.24199999999999,-32.30444560381451
73.252,-31.99821206771246
73.26299999999999,-31.898757721997036
73.273,-31.902593639568742
73.282,-31.75237746680162
73.29199999999999,-31.701081066357922
73.30199999999999,-31.550299785888818
73.312,-31.704176516531945
73.323,-31.90938822694988
73.332,-31.93707999310527
73.342,-32.19589603518876
73.35199999999999,-32.34623892860584
73.362,-32.14009848914918
73.371,-32.18853477863957
73.381,-31.768359835480574
73.392,-31.43974994794749
73.402,-31.365427548831548
73.41199999999999,-31.54774288103694
73.42099999999999,-31.624474223848466
73.431,-31.776922487594632
73.44099999999999,-31.749850601781056
73.452,-31.698623697802596
73.46199999999999,-31.62397138974272
73.47099999999999,-31.779905079552577
73.481,-32.05886542550252
73.491,-32.08308763478362
73.50099999999999,-31.90366191358723
73.512,-31.801881752887482
73.521,-31.57288490734807
73.53099999999999,-31.752873533078393
73.541,-31.904307786190195
73.55099999999999,-31.956807641575963
73.55999999999999,-31.854649176798816
73.57,-31.931457817627766
73.58099999999999,-31.80240292520444
73.591,-31.390065750589002
73.601,-31.389857328260646
73.61,-31.210872206155315
73.61999999999999,-31.289743178325388
73.63,-31.470994584818357
73.64099999999999,-31.777464081974607
73.651,-31.951921294180664
73.66,-31.90082635653019
73.66999999999999,-31.948368487044625
73.67999999999999,-31.971545481720334
73.69,-31.747654535161885
73.701,-31.571962415781208
73.70899999999999,-31.446585476914784
73.72,-31.524413629346164
73.72999999999999,-31.497758346233404
73.74,-31.904827702147905
73.749,-32.05428742276393
73.759,-31.92449615843517
73.77,-31.752138896869567
73.78,-31.5492526279467
73.78999999999999,-31.495878942556075
73.79899999999999,-31.779347037923948
73.809,-32.08174672233875
73.81899999999999,-32.154128252599705
73.83,-31.92603399331926
73.83999999999999,-31.89857977667058
73.84899999999999,-31.82322529142759
73.859,-31.618350413485977
73.869,-31.541360286005172
73.87899999999999,-31.436965523591113
73.89,-31.155354858334547
73.898,-31.08129892426797
73.90899999999999,-30.980419666230723
73.919,-31.21211828317422
73.92899999999999,-31.461175657603597
73.93799999999999,-31.690599069853775
73.948,-31.919866238417043
73.958,-32.10290692110793
73.969,-32.264503771909474
73.979,-32.054934401634554
73.988,-31.817837135123497
73.99799999999999,-31.641512279910373
74.008,-31.46368730745644
74.01899999999999,-31.36069201173534
74.029,-31.18100734802878
74.038,-30.99543121393765
74.04799999999999,-31.024014396196755
74.05799999999999,-30.872428996380812
74.068,-30.649207353022142
74.079,-30.65184676448009
74.08699999999999,-30.901042730728122
74.098,-31.158457035224068
74.10799999999999,-31.508001170990276
74.118,-31.25058318318885
74.127,-30.862175201795772
74.137,-30.726597505297306
74.14699999999999,-30.683889274918478
74.158,-31.171379620577177
74.16799999999999,-31.654649134361883
74.17699999999999,-32.167624996763266
74.187,-32.47875480413173
74.19699999999999,-32.3763570952216
74.208,-32.32477070027535
74.21799999999999,-32.48023001302835
74.22699999999999,-32.46657412673682
74.237,-32.024869484969656
74.247,-31.669926567689075
74.25699999999999,-31.570911041181716
74.268,-31.522473535831075
74.276,-31.292227192315984
74.28699999999999,-31.082927454131344
74.297,-30.61537644073563
74.30699999999999,-30.650365607565256
74.31599999999999,-30.625006282181808
74.326,-30.443838128105504
74.336,-30.288754201197392
74.347,-29.797045723218943
74.357,-29.476019631789363
74.366,-29.511874051422367
74.37599999999999,-29.462431557543965
74.386,-29.5964032491612
74.396,-29.868222260694786
74.407,-29.96988455673995
74.416,-29.55191831807715
74.42599999999999,-29.11854727079772
74.43599999999999,-28.787529800343535
74.446,-28.490998973328978
74.457,-28.709839952206522
74.46499999999999,-29.009840284469433
74.476,-29.243443645843918
74.48599999999999,-29.154217564442682
74.496,-28.633818801272042
74.505,-28.28193663168829
74.515,-27.983395186831146
74.52499999999999,-27.936567979107288
74.536,-27.934528472333028
74.54599999999999,-27.836096748511366
74.55499999999999,-27.85241569576054
74.565,-27.917919001925696
74.57499999999999,-27.9058654676589
74.585,-27.582979644269884
74.59599999999999,-27.022669537883147
74.604,-26.531671516417134
74.615,-26.165056775264254
74.625,-26.04937048061072
74.63499999999999,-25.838288528912194
74.64399999999999,-25.784594357784087
74.654,-25.676567617310965
74.66499999999999,-25.669199470307078
74.675,-25.406509443652688
74.68499999999999,-24.872165259418416
74.69399999999999,-24.070256123403844
74.704,-24.10479288863413
74.714,-23.985521012001527
74.725,-23.626769584490958
74.735,-23.336270634478225
74.744,-23.318330097295508
74.75399999999999,-23.334601606235083
74.764,-23.82113692288737
74.774,-23.802507462515813
74.785,-23.425535360359063
74.79299999999999,-23.116408556731336
74.80399999999999,-22.662385448754428
74.814,-22.332854367935674
74.824,-22.024006199824036
74.833,-21.85389522880984
74.84299999999999,-21.594954556863
74.854,-21.161256699200266
74.86399999999999,-20.74871044889514
74.874,-20.26867537453127
74.883,-19.7061986360371
74.893,-19.466455134868177
74.90299999999999,-18.993652064978427
74.91399999999999,-18.15737543849805
74.92399999999999,-17.397673517845362
74.93299999999999,-16.924132768015948
74.943,-16.12938842195803
74.95299999999999,-15.191617153981692
74.963,-14.517230891367479
74.97399999999999,-14.272337027452354
74.982,-13.908641011582672
74.993,-13.998700169297345
75.003,-14.689039163977077
75.01299999999999,-15.437903198949073
75.02199999999999,-15.386916530450526
75.032,-14.863112938413998
75.04199999999999,-14.191267590426083
75.053,-13.609463997449861
75.06299999999999,-13.031187195079601
75.07199999999999,-12.427358544489977
75.082,-12.163907460670996
75.092,-11.506704697038403
75.103,-10.559275989103451
75.113,-9.498364093167678
75.122,-8.547342151177693
75.13199999999999,-8.17889469137386
75.142,-7.8124503534286145
75.152,-7.6404387039988295
75.163,-7.806713703928661
75.17099999999999,-7.822343255755358
75.18199999999999,-7.471943823684336
75.192,-7.124261347493958
75.202,-6.552143842009086
75.211,-6.260105902354048
75.22099999999999,-6.156913862559348
75.231,-6.108518979313136
75.24199999999999,-5.987438119568894
75.252,-5.75297175485408
75.261,-5.463580483981646
75.271,-4.996660228898599
75.28099999999999,-4.1155328176881545
75.29199999999999,-3.351167693105364
75.30199999999999,-2.700998837445277
75.31099999999999,-2.534609505986193
75.321,-2.2522376672454927
75.33099999999999,-1.9556836646540634
75.341,-1.4547038716800613
75.35199999999999,-0.71058389737055
75.36,-0.028632888638632004
75.371,0.6125025661309476
75.381,0.980842234379649
75.39099999999999,1.0380738724403864
75.39999999999999,1.3000050829100234
75.41,1.1491590338600233
75.41999999999999,1.1552306246963928
75.431,1.2122741132225263
75.44099999999999,1.206911880294621
75.44999999999999,1.3652638554970915
75.46,1.5530115098106272
75.47,1.69810306571266
75.47999999999999,1.8390702245841108
75.491,1.6338640349467735
75.5,1.7338243152641573
75.50999999999999,1.7841157136908077
75.52,1.7333302442642742
75.53,1.9611905239289253
75.53899999999999,2.3588680363117165
75.54899999999999,2.443922558331697
75.55999999999999,2.477922374217071
75.57,2.5152620891193447
75.58,2.8165296703957567
75.589,3.3795453362018986
75.59899999999999,3.586241697169058
75.609,3.83086766321186
75.61999999999999,4.087680867579909
75.63,3.933339799378885
75.639,3.7300224261843002
75.649,3.526938949830857
75.65899999999999,3.4570241675271305
75.669,3.7093499580375457
75.67999999999999,3.9806566868640836
75.68799999999999,4.206908483685369
75.699,4.311445381471113
75.70899999999999,4.263799703802823
75.719,4.199316986542703
75.728,4.077314796547736
75.738,3.903761597761127
75.749,3.91258504232988
75.759,4.0294075720942875
75.76899999999999,4.259123298255769
75.77799999999999,4.60065863168842
75.788,4.677972916339916
75.79799999999999,4.730783293985038
75.809,4.507061870896312
75.81899999999999,4.143559660830684
75.82799999999999,3.6458791457648942
75.838,3.263521807716627
75.848,3.1329594837656085
75.85799999999999,3.3958322303222808
75.869,3.5653764870523084
75.877,3.5313238500895228
75.88799999999999,3.724435959061317
75.898,3.765998566997668
75.908,3.9462097582811975
75.91699999999999,4.0884273008883465
75.92699999999999,4.072983306415866
75.937,4.216072323418922
75.948,4.17730482642593
75.958,4.151762014426968
75.967,4.190472489153091
75.97699999999999,4.177916925210477
75.987,4.170618651379808
75.99799999999999,4.228159356880438
76.008,4.171480974048462
76.017,4.113061413745829
76.027,3.903716624885856
76.03699999999999,3.7795444447806883
76.047,3.676077115031825
76.05799999999999,3.4883591293525846
76.06599999999999,3.354780626882059
76.077,3.2937654463322072
76.08699999999999,3.1552306413970115
76.097,2.8232459192297785
76.106,2.917947831615586
76.116,3.2096678387008613
76.12599999999999,3.4354310830574786
76.137,3.7970805375526435
76.14699999999999,4.12650790157873
76.15599999999999,4.021906016707902
76.166,3.485043728769959
76.17599999999999,3.098455007986958
76.187,2.7101800998657453
76.19699999999999,2.4847202832610176
76.20599999999999,2.5461863252699146
76.216,2.6855901738214243
76.226,2.816422704456066
76.23599999999999,2.642261616098997
76.247,2.3875059139423422
76.255,2.3095623124991054
76.26599999999999,2.0594455306044814
76.276,2.0237152794676883
76.286,2.009768616614095
76.29499999999999,2.0164835795398073
76.30499999999999,2.2368881687797524
76.315,2.4780169668493475
76.326,2.8111423451571316
76.336,2.9969086506470273
76.345,2.8939059232621833
76.35499999999999,2.8847484760104267
76.365,2.897472547227671
76.375,2.806042444360001
76.386,2.9336217454100444
76.395,2.766499696217646
76.405,2.544737089034232
76.41499999999999,2.2272997126805567
76.425,1.872294963094058
76.434,1.5713556332649707
76.44399999999999,1.4432575477895826
76.455,1.2950412592408505
76.46499999999999,1.5798634862368592
76.475,1.8003961431892854
76.484,1.9791126254198215
76.494,2.0452539476914193
76.50399999999999,1.7667288847093232
76.515,1.646222646807555
76.52499999999999,1.5902287015725376
76.53399999999999,1.5264888185208658
76.544,1.4634673834157566
76.55399999999999,1.5142142099476956
76.564,1.6153718083622373
76.57499999999999,1.6259120709419967
76.583,1.7540100115011779
76.594,1.8838834295302425
76.604,1.7747497693714465
76.61399999999999,1.5896016116681224
76.62299999999999,1.5400414412533898
76.633,1.422858634459188
76.64399999999999,1.3648755048210077
76.654,1.4744197410557955
76.66399999999999,1.487886984978653
76.67299999999999,1.5381707976621124
76.68299999999999,1.4673912894870664
76.693,1.493700198042447
76.704,1.4521099545842846
76.714,1.5654498360212772
76.723,1.4374763674807038
76.73299999999999,1.4386900910078086
76.743,1.4885069662765344
76.753,1.5258689968121653
76.764,1.648120123261923
76.77199999999999,1.8278777654019338
76.783,1.8795918996236969
76.79299999999999,1.8082528831114608
76.803,1.8777106235089454
76.812,1.8795918996236969
76.82199999999999,1.6939707648062843
76.833,1.5908493335155223
76.84299999999999,1.5536464492910405
76.853,1.425922061176319
76.862,1.4826881797199887
76.872,1.6170566390373207
76.88199999999999,1.7266061032401048
76.893,1.6739197052316586
76.90299999999999,1.718680644516521
76.91199999999999,1.7632519814295078
76.922,1.6968380104093468
76.93199999999999,1.7693230400065865
76.942,1.629653698425293
76.95299999999999,1.5129883095771204
76.961,1.5896016116681224
76.972,1.5283099610051938
76.982,1.5778234177788333
76.99199999999999,1.4558705508446241
77.00099999999999,1.4704633919763346
77.011,1.5998067730458327
77.021,1.591463501901874
77.032,1.4126081501639618
77.04199999999999,1.540652143173169
77.05099999999999,1.5855481395426212
77.06099999999999,1.5294920659419322
77.071,1.3490601125968675
77.082,1.240771737074411
77.092,1.1706763721298605
77.101,1.1901700357418665
77.11099999999999,1.1957302293786185
77.121,1.1377216365658374
77.131,1.0174388283062372
77.14,1.012042714134198
77.14999999999999,1.0616798075917284
77.161,1.0693883444072219
77.17099999999999,1.1851756569616763
77.181,1.132792168736568
77.19,1.0704998455286932
77.19999999999999,1.088029229640168
77.21,1.088029229640168
77.22099999999999,1.076516920471076
77.231,1.1851756569616763
77.24,1.2998022456599072
77.25,1.184612492172227
77.25999999999999,1.1223325508388093
77.271,1.0770653813016953
77.28099999999999,1.0710466617172232
77.28999999999999,1.1228768535438158
77.3,1.1857327518043164
77.30999999999999,1.197448199300803
77.32,1.2091996603652682
77.329,1.2441634491160398
77.339,1.0681859309962256
77.35,0.8194997654582004
77.36,0.5786701614853706
77.36999999999999,0.6831554902749186
77.37899999999999,0.9115258716232733
77.389,1.0486763577091542
77.399,1.1796130582181101
77.41,1.2946966378767808
77.41999999999999,1.3651001950534605
77.42899999999999,1.494354761079248
77.439,1.397376132778449
77.449,1.2119880760753343
77.45899999999999,1.0867786379610669
77.47,1.0812373646323037
77.479,1.2597489099572767
77.48899999999999,1.1772124686256014
77.499,1.1716097003531765
77.509,1.1705960393658437
77.518,1.240116022449894
77.52799999999999,1.1310652099275949
77.53899999999999,1.1767010803814184
77.54899999999999,1.1315809806183017
77.559,1.1950890987307803
77.568,1.1189347456580458
77.57799999999999,1.0681859309962256
77.588,1.1270146544016733
77.59899999999999,1.1822992359259406
77.609,1.245244945673388
77.618,1.0681859309962256
77.628,1.0621816339523287
77.63799999999999,1.0676764964448289
77.648,0.8980693075476065
77.65899999999999,0.8513372014605123
77.66699999999999,0.7918906129830363
77.678,0.8908002620033226
77.68799999999999,0.9485932118495208
77.698,0.9989677930002845
77.707,1.061673725620314
77.717,1.0516878032141257
77.728,0.9999533883393887
77.738,0.9476140514216871
77.74799999999999,0.9544874399062069
77.75699999999999,0.8854561942506214
77.767,0.8334822638296906
77.777,0.844566981448919
77.788,0.7823496646895327
77.79799999999999,0.8839972529112528
77.80699999999999,0.8329992191611932
77.817,0.8738387217642867
77.827,0.8224319389978874
77.83699999999999,0.8786777350073933
77.84599999999999,0.9019935473831895
77.856,0.8214773273744287
77.86699999999999,0.7709123105593605
77.877,0.844566981448919
77.887,0.9151846387102314
77.896,0.8469390155583847
77.90599999999999,0.7718377342238334
77.91699999999999,0.8406808032652249
77.92699999999999,0.8411422628016503
77.937,0.8348969648604658
77.946,0.7828180162174858
77.95599999999999,0.7780090745567776
77.966,0.7140840741062418
77.97699999999999,0.6110115405325756
77.987,0.6749636450607133
77.996,0.6114548940735762
78.006,0.6628322362505639
78.01599999999999,0.6688938034565268
78.026,0.5540047933585157
78.035,0.66415510114971
78.04499999999999,0.7088914656985823
78.056,0.7197418713502639
78.06599999999999,0.7258689973853993
78.076,0.7775535084310894
78.085,0.7837375997661873
78.095,0.7775535084310894
78.10499999999999,0.8358113622597214
78.116,0.7894775442580197
78.12599999999999,0.794769246363205
78.13499999999999,0.8406808032652249
78.145,0.7727404557509701
78.155,0.7272092587333363
78.166,0.6754016409606844
78.17599999999999,0.7324526124327706
78.18499999999999,0.6862525024362913
78.195,0.6290741996163742
78.205,0.6067641267062145
78.21499999999999,0.7736204425457132
78.226,0.8411422628016503
78.234,0.9358665106383963
78.24499999999999,0.9989677930002845
78.255,1.0352662808404185
78.265,1.0123300156970556
78.274,0.816212219932436
78.28399999999999,0.5884065755152958
78.294,0.5161480313644997
78.30499999999999,0.515293988946258
78.315,0.754302593785142
78.324,0.9817215045210306
78.33399999999999,1.1078655873630492
78.344,1.0068572792358221
78.354,0.9078515303134473
78.365,0.5052262098642295
78.374,0.33205536222668464
78.384,0.33250496255658923
78.39399999999999,0.39678103954773913
78.404,0.3289570589755053
78.413,0.5270338034538549
78.42299999999999,0.8295833130520291
78.434,0.944131248930959
78.44399999999999,0.9269985076518799
78.454,0.8114159016912685
78.463,0.7670333244717504
78.473,0.7599830634600231
78.48299999999999,0.5311921585220212
78.494,0.47893519549158636
78.50399999999999,0.5999087950972051
78.51299999999999,0.6050070977973254
78.523,0.49697246791550853
78.533,0.6693360873479435
78.54299999999999,0.6862525024362913
78.55399999999999,0.5701321548548286
78.562,0.736316469289366
78.573,0.7722919348103403
78.583,0.6619224217915409
78.59299999999999,0.3533338772128838
78.60199999999999,0.2302902116381249
78.612,0.0062958463411080245
78.62299999999999,-0.055400726834002434
78.633,-0.1785033205237303
78.643,-0.3409769667118612
78.652,-0.5130070682310466
78.66199999999999,-0.3406232321850702
78.672,-0.39056952426522695
78.68299999999999,-0.4396494767595218
78.693,-0.6159540301329223
78.702,-0.6730137646026835
78.71199999999999,-1.0055535202207695
78.722,-1.293296861085378
78.732,-1.3648036627887388
78.743,-1.3568188742861085
78.75099999999999,-1.1834775064820735
78.762,-1.0134370139643538
78.77199999999999,-0.8381346015155282
78.782,-0.8070954383695517
78.791,-0.8001011180663209
78.80099999999999,-0.747353914164333
78.812,-1.0901562489535253
78.82199999999999,-1.4377296958845562
78.832,-1.503690502844937
78.841,-1.6306963975453805
78.851,-1.8782596448321747
78.86099999999999,-1.9446354572412257
78.872,-2.3497855265144767
78.88199999999999,-2.634523920538889
78.89099999999999,-3.044862616178479
78.901,-3.616502691670042
78.911,-4.136861630018863
78.92099999999999,-4.53694146818901
78.92999999999999,-4.822937746934888
78.94,-5.110225483697744
78.951,-5.340509278074053
78.961,-5.341379757763631
78.97099999999999,-5.571747790036291
78.97999999999999,-5.80294796049913
78.99,-6.263081120979148
79.0,-6.379832345117854
79.011,-6.552520721602866
79.021,-6.958400121398192
79.03,-7.300220458221464
79.03999999999999,-7.352372777465438
79.05,-7.358444599505922
79.06099999999999,-7.651169969808718
79.071,-7.843958884049073
79.08,-7.911250930578525
79.08999999999999,-8.345881402399309
79.1,-8.78483162301474
79.11,-8.962461746751444
79.119,-9.18313968459675
79.12899999999999,-9.121806673156962
79.14,-9.17792706936179
79.14999999999999,-9.577702882997471
79.16,-9.516466686659887
79.169,-9.345117647409348
79.17899999999999,-9.586950064787011
79.189,-9.82144280530535
79.19999999999999,-10.103193167610865
79.21,-10.274392836280127
79.219,-10.570725292038706
79.229,-10.844351918866021
79.23899999999999,-10.964631851083567
79.25,-11.038803710148635
79.25999999999999,-11.101351902238209
79.26899999999999,-11.877232051599378
79.279,-12.885320924726155
79.28899999999999,-13.587398143062996
79.29899999999999,-14.35351088649147
79.30799999999999,-14.589699015888419
79.318,-14.62835150865039
79.329,-14.447519819788006
79.339,-14.209606513832753
79.34899999999999,-14.34036571692217
79.35799999999999,-14.577207391471928
79.368,-15.160321250771378
79.378,-15.65739624165406
79.389,-15.873560416964803
79.399,-16.134194282593178
79.408,-15.678730380742858
79.41799999999999,-15.102927248460125
79.428,-14.912973984359203
79.43799999999999,-14.784814300255112
79.449,-14.920122956693803
79.458,-15.442548179575477
79.46799999999999,-16.11744296802768
79.478,-17.118149531391722
79.488,-17.514230317170323
79.497,-18.10697597929653
79.50699999999999,-18.515164410883962
79.518,-19.18300481987977
79.52799999999999,-19.53685291163596
79.538,-19.738220651345888
79.547,-19.623384244544333
79.55699999999999,-19.23603375370417
79.567,-19.194865870641745
79.57799999999999,-19.07115309406715
79.588,-18.890925354673122
79.597,-18.989890443951893
79.607,-19.631259025285907
79.61699999999999,-20.488059590451073
79.627,-20.883098036222442
79.636,-21.20794117605758
79.646,-21.430379671644246
79.657,-21.585048887868737
79.66699999999999,-21.575606966889552
79.67699999999999,-21.85173916737866
79.68599999999999,-22.27295616262392
79.696,-22.71754373387843
79.707,-22.94051008277126
79.717,-23.34394540395767
79.72699999999999,-23.54229539454913
79.73599999999999,-23.652357416629577
79.746,-23.83965267816226
79.756,-24.0230500408854
79.767,-23.89287809796837
79.777,-23.837373207203342
79.786,-23.905343679507233
79.79599999999999,-24.066278017040467
79.806,-24.864113447739683
79.81599999999999,-25.378467591593136
79.82499999999999,-25.510371340606163
79.835,-25.500152866417288
79.84599999999999,-25.616998456696727
79.856,-25.956594159030807
79.866,-26.13441230344521
79.875,-26.07450344679289
79.88499999999999,-26.060414998804042
79.896,-25.968836453988324
79.90599999999999,-25.913371135931037
79.916,-26.246014772472932
79.925,-26.758562897380948
79.93499999999999,-26.880442269996244
79.945,-26.577897322363945
79.95599999999999,-26.47134616561985
79.966,-26.545836377686598
79.975,-26.570855490287137
79.985,-26.728051053806468
79.99499999999999,-26.75103696300851
80.005,-26.479593582482266
80.014,-26.67047942948097
80.024,-27.185995390810824
80.035,-27.6163164451238
80.04499999999999,-27.849565157423086
80.05499999999999,-27.317989434566996
80.064,-27.09489306115797
80.074,-27.38326708613343
80.08399999999999,-27.615195056191773
80.095,-27.800068725556002
80.10499999999999,-28.166354939044098
80.11399999999999,-28.540822170735673
80.124,-28.489082788712295
80.134,-28.273985098287476
80.145,-28.30683794026406
80.155,-28.161560317431842
80.16399999999999,-27.74180149813518
80.17399999999999,-27.177503537102027
80.184,-27.784905628795073
80.19399999999999,-29.30586017947335
80.20299999999999,-30.460581843182958
80.213,-30.525319216941313
80.22399999999999,-30.12973240654908
80.234,-29.031407045423116
80.244,-28.573388701554173
80.253,-29.244154185553107
80.26299999999999,-29.5229282928901
80.273,-29.749792547928465
80.28399999999999,-30.41868215258617
80.294,-30.688666885707782
80.303,-30.54195638402843
80.31299999999999,-30.570619085398874
80.323,-31.150207218599256
80.333,-31.622700312661358
80.342,-31.518016805598677
80.353,-31.4176620882131
80.363,-31.365223481926932
80.37299999999999,-31.03539776377592
80.383,-31.113332464132874
80.392,-30.9330929248098
80.402,-30.80376284084226
80.413,-31.059309923504344
80.42299999999999,-31.629220474860404
80.43299999999999,-31.704176516531945
80.442,-31.627940460955642
80.452,-31.88797598335838
80.46199999999999,-32.250277407836755
80.473,-32.22046267590145
80.48299999999999,-32.11824619511057
80.49199999999999,-32.06909753165985
80.502,-32.19467121782714
80.512,-32.725443226466
80.52199999999999,-33.14980179797104
80.53099999999999,-33.16940326855216
80.54199999999999,-32.86138964840986
80.55199999999999,-32.33226794454715
80.562,-32.20940446014206
80.57199999999999,-32.56734260506538
80.58099999999999,-32.97802631156031
80.591,-33.141882949034795
80.60199999999999,-33.07377947195236
80.612,-33.227783791654396
80.622,-32.85949008239153
80.631,-32.474169396323
80.64099999999999,-32.480111908720836
80.651,-32.710287939499686
80.66199999999999,-32.86803417820007
80.672,-32.87355536955671
80.681,-33.17026584314732
80.69099999999999,-33.052235833575416
80.701,-32.69381065399138
80.711,-32.677589871076464
80.72,-32.87465965330879
80.72999999999999,-33.36317572855864
80.741,-33.39284086378588
80.75099999999999,-33.111480017504135
80.761,-33.01162825298685
80.77,-33.01370541291692
80.78,-33.05958381207123
80.791,-32.95189658903425
80.80099999999999,-32.89920620154886
80.81099999999999,-33.03292823475967
80.82,-33.06426923183355
80.83,-33.17400392334821
80.83999999999999,-33.27325183256054
80.851,-33.22854142141249
80.86099999999999,-33.177362550941695
80.86999999999999,-33.09996225908011
80.88,-33.485596625528046
80.89,-33.592768176009976
80.89999999999999,-33.59838292528253
80.90899999999999,-33.67158302221
80.919,-33.404749218681104
80.92999999999999,-33.19320432077855
80.94,-33.144910579586
80.94999999999999,-33.17879627271592
80.95899999999999,-33.72621514183106
80.969,-34.0357092493573
80.979,-34.09557141523101
80.99,-33.98505365733794
81.0,-34.070800110872355
81.009,-34.03195286852734
81.01899999999999,-33.855291481097645
81.029,-34.08868380917325
81.03999999999999,-34.18391267926531
81.04799999999999,-34.32823899485396
81.059,-34.12717916935668
81.06899999999999,-33.96093610514287
81.079,-34.017063835690024
81.089,-34.28009058571089
81.098,-34.52223663340263
81.10799999999999,-34.58327618640587
81.119,-34.77476585958852
81.12899999999999,-34.606058160928754
81.139,-33.943559816117556
81.148,-33.532365030568606
81.158,-33.597510411162126
81.16799999999999,-33.99080310928072
81.17899999999999,-34.41974162179039
81.189,-34.55401482490665
81.198,-35.01437030400143
81.208,-35.13190224387083
81.21799999999999,-34.77856051166964
81.229,-34.72906880032281
81.237,-34.569816495448826
81.24799999999999,-34.30679426027738
81.258,-33.95140844774426
81.268,-33.894425452521325
81.27799999999999,-33.920662968726525
81.28699999999999,-34.08184689490871
81.297,-34.14275861598607
81.30799999999999,-34.059159150671114
81.318,-33.91610291210282
81.32799999999999,-33.934306860735205
81.33699999999999,-33.95803431140559
81.347,-34.09782293395525
81.357,-34.16828222564631
81.368,-34.18831109335137
81.378,-34.14109797838257
81.387,-33.8976324835801
81.39699999999999,-33.770969626784016
81.407,-33.85742978831526
81.41699999999999,-33.77435893198686
81.42599999999999,-32.98528615174749
81.437,-33.09251650240975
81.44699999999999,-33.39682478846039
81.457,-33.47987760660725
81.467,-33.721480327985674
81.476,-33.94348153350849
81.48599999999999,-33.8841676994944
81.497,-34.213260474514676
81.50699999999999,-34.620975078747946
81.517,-34.95160120885533
81.526,-35.004912798488036
81.536,-34.86801037517192
81.54599999999999,-34.94329163536814
81.55699999999999,-34.895277139560406
81.567,-34.772945713222924
81.576,-34.259842264633264
81.586,-33.96079083341963
81.59599999999999,-34.25232370421112
81.606,-34.3678424873711
81.615,-34.54060551759113
81.625,-34.442384978566764
81.636,-34.105802490571484
81.646,-33.95180376121702
81.65599999999999,-33.93559705600687
81.66499999999999,-34.09215395827953
81.675,-34.228675966908135
81.68599999999999,-34.5145000737988
81.696,-34.599053456733785
81.70599999999999,-34.4410159953506
81.71499999999999,-34.33176449703404
81.725,-34.31189818802503
81.735,-34.125202853951976
81.746,-34.07176407726551
81.75399999999999,-34.07176407726551
81.765,-34.042054236931214
81.77499999999999,-34.19910318818464
81.785,-34.206996392829005
81.79499999999999,-34.00911665429075
81.80399999999999,-33.90559946946516
81.814,-33.88695784068287
81.82499999999999,-33.77665505931637
81.835,-33.79916317737284
81.845,-33.72378579050485
81.854,-33.56102700433694
81.86399999999999,-33.56494156149794
81.875,-33.60628674394729
81.88499999999999,-33.28789626443224
81.895,-33.16377771106939
81.904,-33.40170318451481
81.91399999999999,-33.651931924290395
81.92399999999999,-33.715620079778674
81.93499999999999,-33.768522692679106
81.943,-33.719764874165236
81.954,-33.715620079778674
81.964,-33.73401763335123
81.97399999999999,-33.84126435465985
81.984,-33.71770795168078
81.993,-33.87089803029509
82.003,-33.9382118298123
82.014,-34.10434366813284
82.024,-34.106605655452135
82.03399999999999,-33.92432162786958
82.04299999999999,-33.59974977631165
82.053,-33.30323341279484
82.06299999999999,-33.06272761447064
82.074,-33.174669027266056
82.08399999999999,-33.526927917562446
82.09299999999999,-34.08523555415425
82.103,-34.1087385312399
82.113,-33.92634326287666
82.124,-33.564928221510115
82.13199999999999,-33.43899924785001
82.143,-33.52541737418626
82.15299999999999,-33.61548710092126
82.163,-33.54238745689977
82.17299999999999,-33.74813730582405
82.18199999999999,-33.948573152109546
82.192,-34.161729780678286
82.20299999999999,-34.007819964461135
82.213,-33.7954104893699
82.223,-33.73184088756929
82.232,-33.455780024394755
82.24199999999999,-33.31098118823379
82.252,-33.40152314277988
82.26299999999999,-33.293529561219906
82.273,-33.756018165193666
82.282,-34.13022786238199
82.29199999999999,-34.04871978941393
82.30199999999999,-34.17130212921671
82.312,-34.55259512327007
82.321,-34.548205996691955
82.332,-34.176054336905594
82.342,-33.76801366304617
82.35199999999999,-33.547513282427545
82.362,-33.565695274760884
82.371,-33.730697903483595
82.381,-33.67028374934054
82.392,-33.62714862374994
82.402,-33.63497676122679
82.41199999999999,-33.27511066416616
82.42099999999999,-33.03480478470785
82.431,-33.11059425402437
82.44099999999999,-32.862518406986915
82.452,-32.576918616009074
82.46199999999999,-32.369649283566176
82.47099999999999,-31.850727183351765
82.481,-32.06115226129132
82.491,-32.02633728217015
82.50099999999999,-32.24474992043563
82.50999999999999,-32.46879745065581
82.521,-32.87910082274982
82.53099999999999,-33.08290643158687
82.541,-32.994724885985136
82.55099999999999,-32.76595388375443
82.55999999999999,-32.42797468253097
82.57,-31.942246531016494
82.58099999999999,-31.560580061117314
82.591,-31.024006385980968
82.601,-30.72113257855733
82.61,-30.511299430910384
82.61999999999999,-30.113670365612712
82.63,-30.04378036512341
82.64099999999999,-29.890601010594594
82.651,-29.464972113414447
82.66,-29.28334463840489
82.66999999999999,-29.253515845604852
82.67999999999999,-29.33142427772426
82.69,-29.4487144955297
82.699,-29.015499967996867
82.70899999999999,-28.6941812132769
82.72,-28.063377624622476
82.72999999999999,-27.281364731146574
82.74,-27.103123920840623
82.749,-26.566699172321336
82.759,-26.16785950369114
82.77,-25.58161985858471
82.78,-25.904900645794754
82.78999999999999,-26.484252705823508
82.79899999999999,-26.72845506634055
82.809,-26.49800267591992
82.81899999999999,-26.61319321709223
82.83,-26.861849029753145
82.83999999999999,-26.95639413649407
82.84899999999999,-27.13278511298455
82.859,-26.538948832843246
82.869,-25.618512039332366
82.87899999999999,-24.825277150412383
82.88799999999999,-24.407189357291443
82.898,-24.006644315750947
82.90899999999999,-23.710297193808564
82.919,-23.307537344618893
82.92899999999999,-23.14222342944445
82.93799999999999,-23.065960374243488
82.948,-22.704409456814908
82.958,-22.612925086117244
82.969,-22.34320607385895
82.979,-21.639139283336497
82.988,-21.421599522780042
82.99799999999999,-21.318667201451163
83.008,-21.126703657979697
83.01899999999999,-20.815520748067556
83.029,-20.475104795215174
83.038,-20.46830205613056
83.04799999999999,-20.315335218019136
83.05799999999999,-19.875961245724767
83.068,-19.792728958882574
83.077,-19.72374832493565
83.08699999999999,-19.53622342263084
83.098,-19.30070611040769
83.10799999999999,-19.037805727253037
83.118,-18.65427949175093
83.127,-18.289715626890313
83.137,-17.8852255979345
83.14699999999999,-17.596085812852372
83.158,-17.557394464922865
83.16799999999999,-17.643754906506857
83.17699999999999,-17.39673763409992
83.187,-16.814038171534662
83.19699999999999,-16.039170613039392
83.208,-15.617548127327028
83.21799999999999,-15.494331598004777
83.22699999999999,-15.038253874666252
83.237,-14.273732025934516
83.247,-13.729251008087825
83.25699999999999,-13.10530294477882
83.26599999999999,-12.559232268186761
83.276,-12.501624072103162
83.28699999999999,-12.252824080601826
83.297,-11.960762000031828
83.30699999999999,-11.581851113651018
83.31599999999999,-11.362843134577414
83.326,-11.3118335856987
83.336,-11.260710399211993
83.347,-11.104254926458658
83.357,-11.0831258239172
83.366,-10.926917644957339
83.37599999999999,-10.345568373539669
83.386,-9.737922919107081
83.396,-9.139300935004766
83.407,-8.686607732028333
83.416,-7.957678137433494
83.42599999999999,-6.778206932539076
83.43599999999999,-6.64397014292169
83.446,-7.52222990109602
83.455,-7.592084856687126
83.46499999999999,-7.405046520846318
83.476,-7.165641837320056
83.48599999999999,-7.119220915483437
83.496,-6.834637814923308
83.505,-6.206650184056322
83.515,-5.462004035701715
83.52499999999999,-4.762414261772428
83.536,-4.293883952977357
83.54599999999999,-3.8808466143905602
83.55499999999999,-3.5859475881706357
83.565,-3.230097256958482
83.57499999999999,-2.7025319374955834
83.585,-2.240656366757227
83.59599999999999,-2.2516170071342896
83.604,-1.9169808438897022
83.615,-1.575971228366687
83.625,-0.9389357710104416
83.63499999999999,-0.6496592770160259
83.64399999999999,-0.2761607386839078
83.654,0.20324129044173933
83.66499999999999,0.476075858695463
83.675,0.765277253525741
83.68499999999999,0.9793130176595213
83.69399999999999,1.1413901577358425
83.704,1.243487801884931
83.714,1.241879710227579
83.725,1.0172932859711779
83.735,0.9717420791597879
83.744,0.9649647663058447
83.75399999999999,0.7199369619149527
83.764,0.970033024148127
83.774,1.2094602764337177
83.785,1.428832581392875
83.79299999999999,1.854791554159184
83.80399999999999,2.487198006773723
83.814,2.773813495741469
83.824,3.0101430751607516
83.833,3.173093455739618
83.84299999999999,3.3334353124016456
83.854,3.2578479390699115
83.86399999999999,3.1736984599883744
83.874,3.1883108384629715
83.883,3.376142050021608
83.893,3.6546923255406174
83.90299999999999,3.829192411932109
83.91399999999999,4.4529616889300705
83.92399999999999,4.953363560442366
83.93299999999999,4.839255073597014
83.943,4.683235508791364
83.95299999999999,4.509887756365206
83.963,4.343664526051477
83.97399999999999,4.1039120096396235
83.982,4.167131038738836
83.993,4.259559715472204
84.003,4.532880928927813
84.01299999999999,4.48285310302853
84.02199999999999,4.629510212290292
84.032,4.713198050086286
84.04199999999999,4.89402744461913
84.053,4.950392154486984
84.06299999999999,5.014419387223189
84.07199999999999,5.293815329383454
84.082,5.245307431533671
84.092,5.247587693188848
84.103,5.316299312906532
84.113,5.499049198797792
84.122,5.711654965999594
84.13199999999999,5.8436675377182645
84.142,6.0343546185163675
84.152,5.96515124010566
84.163,5.601288736441786
84.17099999999999,5.3364852547380295
84.18199999999999,5.462526272824498
84.192,5.613713421610596
84.202,5.468198397919133
84.211,5.515664350409384
84.22099999999999,5.369851615977145
84.231,5.4544270581204355
84.24199999999999,5.708874653433853
84.252,5.754805643618424
84.261,5.582829455385694
84.271,5.378285398854187
84.28099999999999,5.338917680603915
84.29199999999999,5.234211319886768
84.30199999999999,5.166050438905202
84.31099999999999,4.998730860475327
84.321,4.827790405190937
84.33099999999999,4.656674216322532
84.341,4.430337165779987
84.35199999999999,4.306734466171283
84.36,4.189360752201258
84.371,3.838300029679859
84.381,3.563343391949095
84.39099999999999,3.306138012032495
84.39999999999999,3.3412861612579157
84.41,3.4362225467665155
84.41999999999999,3.378885406010074
84.431,3.5209254101265586
84.44099999999999,3.5959675477416617
84.44999999999999,3.7199133185993585
84.46,3.7587942160564065
84.47,3.877874548718113
84.47999999999999,4.0580290642307055
84.491,4.0048603488068615
84.5,4.001926778859421
84.50999999999999,4.086054277691588
84.52,4.132887018287704
84.53,4.218015171347737
84.541,4.337059059844938
84.54899999999999,4.155030812308217
84.55999999999999,3.921059460165253
84.57,3.5563637833676367
84.58,3.4187346910078293
84.589,3.102996270266118
84.59899999999999,2.664186059456081
84.609,2.3537967027298174
84.61999999999999,2.011542864841081
84.63,1.7820505936454003
84.639,1.4813373134611112
84.649,1.2443268947452255
84.65899999999999,1.2040392973932121
84.669,1.0314852027408126
84.67999999999999,0.9739428559304653
84.68799999999999,0.9157325905603351
84.699,0.9300878793725378
84.70899999999999,0.9143315774315166
84.719,1.036622125881462
84.729,0.9267029669678681
84.738,1.0682133892346766
84.749,1.1334969689044065
84.759,1.4833688421440696
84.76899999999999,1.8885310160218634
84.77799999999999,2.25744717151776
84.788,2.4494330481591966
84.79799999999999,2.74566655431948
84.809,3.254951116506346
84.81899999999999,3.5834010726325367
84.82799999999999,3.7121766749388847
84.838,3.815876786539789
84.848,3.7016942423618353
84.85799999999999,3.5236383058784213
84.869,3.4093716347495935
84.877,3.0422282873829305
84.88799999999999,2.6539758255224664
84.898,2.403843917310022
84.908,2.1207415998276957
84.91799999999999,1.785616702532284
84.92699999999999,1.6270889324527715
84.937,1.6907617120507492
84.948,1.5308194227088272
84.958,1.302326442301787
84.967,1.1944387911248953
84.97699999999999,1.0989943874121915
84.987,0.9653261163625837
84.99799999999999,0.8394116250785961
