Shifted Time (s),AxialRotation Angle IMU (degrees)
95.006,-0.49791847516593923
95.017,-0.5184969325656857
95.027,-0.5309640491024834
95.037,-0.5458718239916986
95.047,-0.5626102564482043
95.056,-0.5801433456864289
95.067,-0.60944809092023
95.077,-0.6426484913630586
95.087,-0.6764595462278582
95.097,-0.709661254727065
95.108,-0.7483516160728761
95.116,-0.7786306294768056
95.127,-0.8334262941501543
95.137,-0.8873706093037617
95.147,-0.9492355741478559
95.157,-1.0074411878922311
95.166,-1.0557074497464949
95.176,-1.1059943589195176
95.187,-1.1560969146196385
95.197,-1.1978451160548886
95.207,-1.2371539624326031
95.217,-1.2734134529599164
95.226,-1.3035755868433045
95.236,-1.3380063632888368
95.247,-1.3746927815020988
95.257,-1.4048548406883419
95.267,-1.4374575400521843
95.276,-1.4632308787978516
95.286,-1.4866948561290174
95.296,-1.5071094712488557
95.307,-1.5250227233600473
95.317,-1.5393386116648387
95.326,-1.5497521353649946
95.336,-1.5610192936617258
95.346,-1.5704570857557898
95.357,-1.5830055108474617
95.367,-1.5942745681365582
95.377,-1.6061542568223257
95.386,-1.6143755761036345
95.396,-1.6286965251787553
95.406,-1.6491181032454487
95.417,-1.6630123095009735
95.42699999999999,-1.6687951431422094
95.43599999999999,-1.6731766033655497
95.446,-1.6734806893669036
95.456,-1.673175400341722
95.466,-1.6698207354850176
95.477,-1.6676256939913812
95.487,-1.660002275054913
95.496,-1.6539654778693178
95.506,-1.6506133016278568
95.516,-1.6484817455233598
95.526,-1.644520808748211
95.537,-1.6436714904944147
95.546,-1.6365397899534426
95.556,-1.6331907063163755
95.566,-1.6261822387738545
95.576,-1.6155143865160293
95.587,-1.5992351487326046
95.595,-1.5827125246128255
95.606,-1.568447513345471
95.616,-1.551682114118827
95.626,-1.5330873261207303
95.636,-1.5199831485385866
95.647,-1.5077335805593144
95.655,-1.4887826213694528
95.666,-1.469824270155056
95.676,-1.4518425261016688
95.68599999999999,-1.4344713883944353
95.696,-1.4152708562179463
95.705,-1.3971689287563875
95.715,-1.3797996051934265
95.726,-1.3628578847122934
95.736,-1.3485397664957333
95.746,-1.3372722497260816
95.756,-1.3247853335851718
95.765,-1.3094320172543923
95.775,-1.2951162999146772
95.786,-1.284217180746547
95.796,-1.2711226589300562
95.806,-1.2580287336448368
95.815,-1.242129404070029
95.825,-1.2259866693843493
95.836,-1.2103935287659897
95.846,-1.1985219813926544
95.856,-1.190921026441627
95.865,-1.1871026630897905
95.875,-1.1849928905136429
95.885,-1.1841037078891519
95.896,-1.1846181143918357
95.906,-1.1849501091967711
95.916,-1.1840626914785455
95.925,-1.1873758604113172
95.935,-1.1913696151687272
95.945,-1.1910939549238833
95.956,-1.194295878849497
95.966,-1.2007213861177457
95.975,-1.20568447590043
95.985,-1.2163811473688018
95.995,-1.2264683996936072
96.005,-1.2377762320451546
96.016,-1.2470096435933022
96.026,-1.2552686335072867
96.035,-1.2613332009560638
96.045,-1.2683733451080323
96.05499999999999,-1.274804065131095
96.066,-1.2833693601928124
96.076,-1.2885812294601489
96.085,-1.293001672099743
96.095,-1.3006546872777855
96.105,-1.308918274159939
96.115,-1.314742431911375
96.126,-1.3246531596968265
96.134,-1.327186456680431
96.145,-1.3337433220258894
96.155,-1.3401797548964656
96.165,-1.3453967544549377
96.175,-1.3487943198635883
96.18599999999999,-1.3540224502843152
96.194,-1.3526631448785693
96.205,-1.3605654028073948
96.215,-1.3676152232314085
96.225,-1.375275605310658
96.235,-1.3804965482047793
96.244,-1.3849260510728454
96.254,-1.388328113073481
96.265,-1.3935607333647735
96.275,-1.4012239111044236
96.285,-1.4064476454496706
96.296,-1.4143549355573755
96.304,-1.4188497805839142
96.315,-1.43078417968526
96.325,-1.4402801320168903
96.335,-1.4503866367338016
96.345,-1.4568336929906565
96.354,-1.4618182999415277
96.364,-1.4676564567400732
96.375,-1.4735551625393934
96.385,-1.4763544164922089
96.395,-1.4797642177507266
96.404,-1.4798195654667667
96.414,-1.479570458791613
96.42399999999999,-1.4835918968760646
96.435,-1.4901648788705115
96.445,-1.4880874039247738
96.455,-1.4866204711883082
96.464,-1.4872280798100597
96.474,-1.4875922289385028
96.484,-1.4824669177216128
96.495,-1.4830151453069682
96.505,-1.4876409108417188
96.514,-1.4860552134726008
96.524,-1.4852020523458505
96.534,-1.4910494266071945
96.545,-1.4989703354019372
96.55499999999999,-1.5005587778749412
96.565,-1.4972677531706176
96.574,-1.4962342604329248
96.584,-1.4953842988054027
96.594,-1.4969748674311179
96.605,-1.4988709654527694
96.615,-1.4986325920124932
96.624,-1.4954057462520902
96.634,-1.4890684273128714
96.644,-1.4809016343357273
96.654,-1.4654153664611127
96.665,-1.450539622829016
96.673,-1.4384704025790684
96.684,-1.4303057048503502
96.694,-1.4209215287815677
96.704,-1.4121478735109747
96.714,-1.4076447381762767
96.725,-1.407534121914749
96.733,-1.4032760238632365
96.744,-1.401824443158026
96.754,-1.4052533789350243
96.764,-1.4098928303296079
96.775,-1.410455796476823
96.783,-1.4086402765111479
96.794,-1.4145612695666658
96.804,-1.41981277477699
96.814,-1.429944791275198
96.824,-1.43946731819406
96.835,-1.4494163546658205
96.843,-1.4485798998224344
96.854,-1.4511599527952914
96.864,-1.4509345127153626
96.874,-1.4494895787130728
96.884,-1.448045149918403
96.893,-1.4442832254608882
96.903,-1.4379598044696282
96.914,-1.4271228860732932
96.92399999999999,-1.4073804694000676
96.934,-1.38093855357764
96.943,-1.3563261377333717
96.953,-1.3298852209941223
96.963,-1.3034448024863698
96.974,-1.2792018813360344
96.984,-1.257642456668749
96.994,-1.2312035276096012
97.003,-1.2016530932833382
97.013,-1.1685051528142232
97.024,-1.1355417053261567
97.034,-1.1054447499424873
97.044,-1.0747382857861747
97.053,-1.0539743119795935
97.063,-1.028758827644758
97.073,-1.0084138319032434
97.084,-0.9888623238760786
97.094,-0.9624283026839141
97.104,-0.9366047674468253
97.113,-0.9377947172845862
97.123,-0.9589221513164986
97.133,-0.9788300686613972
97.144,-0.9995304684377081
97.154,-1.0145593497632133
97.163,-1.0388007117553495
97.173,-1.079440553531051
97.18299999999999,-1.1414208742066903
97.193,-1.2253516728985332
97.204,-1.337277948721975
97.213,-1.4323067007923513
97.223,-1.5442889282244596
97.233,-1.659931630132622
97.243,-1.7780148056305483
97.254,-1.9221294538320555
97.264,-2.05362357384959
97.273,-2.1925571647960305
97.283,-2.378932225783239
97.293,-2.5909177559226944
97.303,-2.829733754325069
97.314,-3.1194032201014235
97.322,-3.348342152362279
97.333,-3.6876445502165156
97.343,-4.011222412774081
97.353,-4.337850739143063
97.363,-4.696789528432808
97.374,-5.119935779750444
97.382,-5.4410774922044105
97.393,-5.903131664900654
97.403,-6.340732296946854
97.413,-6.7807733874482246
97.423,-7.236054935511932
97.432,-7.66146594024255
97.442,-8.163098400744841
97.453,-8.729116316124825
97.463,-9.264889685484613
97.473,-9.839083507929715
97.482,-10.366016782562363
97.492,-10.966431508485972
97.503,-11.632386684802043
97.513,-12.262062310613656
97.523,-12.906988385020686
97.533,-13.568984907125934
97.542,-14.178243876028665
97.55199999999999,-14.853051290828594
97.563,-15.61627115062731
97.573,-16.328879454521346
97.583,-17.071978201611866
97.592,-17.750377390995833
97.602,-18.525797021771908
97.612,-19.319507093036066
97.623,-20.221571603888044
97.633,-21.051252553421346
97.643,-21.893743940734915
97.652,-22.67751776492289
97.662,-23.55842002508141
97.672,-24.433232720303607
97.68299999999999,-25.426522849685526
97.693,-26.32511641232162
97.702,-27.14236340730426
97.712,-28.072047833727538
97.722,-28.999302690682455
97.733,-30.032161977264465
97.743,-30.97160769256188
97.752,-31.81519983566892
97.762,-32.763796405676224
97.772,-33.72031340167388
97.782,-34.67744082275064
97.793,-35.726406667999406
97.803,-36.682314936505676
97.812,-37.535791627360894
97.822,-38.476460739652914
97.832,-39.429330272467894
97.842,-40.38890022489607
97.853,-41.4432255960223
97.861,-42.1921883849355
97.872,-43.23243459071927
97.882,-44.16944621246176
97.892,-45.11011824924615
97.902,-46.03921070015997
97.913,-47.05933956428549
97.921,-47.799528840708916
97.932,-48.832396528511154
97.942,-49.79075062677613
97.952,-50.7649651345883
97.963,-51.8286890510275
97.971,-52.60595237517771
97.982,-53.67236110611734
97.992,-54.63620724292946
98.002,-55.59761378469192
98.012,-56.541340730487434
98.021,-57.38933607939349
98.031,-58.34891383048984
98.042,-59.38514098285354
98.05199999999999,-60.33069953556306
98.062,-61.2756484876978
98.072,-62.228527838333605
98.081,-63.0737805865468
98.091,-64.00836073141342
98.102,-65.02782627201212
98.112,-65.94289720741496
98.122,-66.8530885367002
98.131,-67.6604802589408
98.141,-68.55116237321187
98.151,-69.43635487858553
98.162,-70.40483777413812
98.172,-71.27174105893918
98.182,-72.11120473206411
98.191,-72.86316779258318
98.201,-73.69227223956752
98.212,-74.59100607209058
98.222,-75.40425128921983
98.232,-76.21017689002827
98.241,-76.94019087358406
98.251,-77.73270723895727
98.261,-78.50022398521531
98.272,-79.32719611142909
98.282,-80.07398361666351
98.291,-80.7474794999881
98.301,-81.49792776046947
98.31099999999999,-82.23678639717262
98.321,-82.97381540916572
98.332,-83.76725079551261
98.342,-84.45794055527978
98.351,-85.06064468753087
98.361,-85.71840519133072
98.371,-86.34263606574186
98.381,-86.95710730982937
98.392,-87.61036092265462
98.4,-88.05885690328141
98.411,-88.64704625077002
98.421,-89.16456896418316
98.431,-89.63819204258068
98.442,-90.13785448502404
98.452,-90.57244829057359
98.461,-90.92271545828851
98.471,-91.27621998722857
98.481,-91.60959487645225
98.491,-91.91188012501924
98.502,-92.20159873198716
98.51,-92.38765869641455
98.521,-92.63915301735811
98.531,-92.8316796938755
98.541,-92.99920672502303
98.551,-93.14783410985754
98.56,-93.26213384743457
98.57,-93.37051193680944
98.581,-93.46974637703737
98.591,-93.52934516717244
98.601,-93.57736430626888
98.611,-93.61196379338018
98.62,-93.63297162755941
98.63,-93.63952180785928
98.641,-93.64150733333207
98.651,-93.62244820302945
98.661,-93.58204941600263
98.67,-93.5306179713025
98.67999999999999,-93.45607986797947
98.691,-93.35208210508337
98.701,-93.25254468166402
98.711,-93.14385759677026
98.721,-93.03151084945087
98.73,-92.91367943875406
98.74,-92.76292336372768
98.751,-92.58380862341856
98.761,-92.41658321687397
98.771,-92.23594814313968
98.78,-92.06213840126186
98.79,-91.86199399028581
98.8,-91.647819909257
98.81099999999999,-91.4016401572197
98.821,-91.18807673321794
98.83,-91.00494463629568
98.84,-90.80053186549581
98.85,-90.59916941986134
98.86,-90.3971972984339
98.871,-90.17583550025577
98.881,-89.97874402436797
98.89,-89.80987886981164
98.9,-89.62741803562706
98.91,-89.44983752085462
98.921,-89.25933232453325
98.931,-89.10248244570278
98.94,-88.9758738834015
98.95,-88.84951463666786
98.96,-88.7377857045401
98.97,-88.6382570860555
98.981,-88.5315957802515
98.991,-88.44303778616458
99.0,-88.36747010283128
99.01,-88.29599272928738
99.02,-88.23548566456843
99.03,-88.1859589077093
99.041,-88.15106345774468
99.04899999999999,-88.1400693137087
99.06,-88.13334547463509
99.07,-88.12771993955734
99.08,-88.11843470750844
99.09,-88.11280977752105
99.099,-88.11078414862732
99.109,-88.10698981985915
99.12,-88.10362279024811
99.13,-88.1089690588254
99.14,-88.11797562462179
99.15,-88.12454248666761
99.159,-88.1389796439928
99.17,-88.16110109562686
99.17999999999999,-88.18169884059893
99.19,-88.2096168779377
99.2,-88.23935520667139
99.209,-88.27025482582775
99.219,-88.31707373443408
99.23,-88.37072293151745
99.24,-88.41937241610411
99.25,-88.47533218722029
99.26,-88.54471224389162
99.269,-88.60360358514326
99.279,-88.67542421000002
99.29,-88.77468111748655
99.3,-88.86723230662668
99.31,-88.95795377644436
99.319,-89.04867952596257
99.329,-89.16196155420417
99.339,-89.28256386019193
99.35,-89.41066444294763
99.36,-89.52028730149318
99.369,-89.61814243484967
99.379,-89.73630584203809
99.389,-89.8477595220786
99.4,-89.97049347399165
99.41,-90.08499769679642
99.42,-90.18792218951243
99.429,-90.28138695115803
99.439,-90.38431198075133
99.449,-90.48296727731037
99.46,-90.58357083985224
99.47,-90.67368666739395
99.479,-90.76222075895184
99.489,-90.859047113542
99.499,-90.95831373017978
99.509,-91.04904060788061
99.52,-91.14226474565895
99.53,-91.23116214252934
99.539,-91.31585479750555
99.54899999999999,-91.41268270960089
99.559,-91.5009708778286
99.569,-91.58742930120118
99.58,-91.68333897873084
99.588,-91.75577590942946
99.599,-91.85705409230854
99.609,-91.94046352637876
99.619,-92.01534321065085
99.629,-92.08961314413482
99.638,-92.15894532584024
99.649,-92.24413175477625
99.659,-92.31352242995163
99.669,-92.3804733503744
99.679,-92.43096451505251
99.69,-92.47590292299311
99.698,-92.49566257320315
99.709,-92.51712746468908
99.719,-92.52797959645676
99.729,-92.53395196751188
99.739,-92.54236457685948
99.748,-92.54693542350415
99.758,-92.55047850644992
99.769,-92.55048382470045
99.779,-92.53511737725887
99.789,-92.51975116312798
99.79899999999999,-92.50926518131016
99.80799999999999,-92.49188643080744
99.818,-92.47043091062149
99.829,-92.44427961975369
99.839,-92.41733455720494
99.849,-92.37818972197573
99.858,-92.33392911306606
99.868,-92.29112472947556
99.879,-92.23546157020327
99.889,-92.17680763424816
99.899,-92.11876392060849
99.908,-92.06297542828241
99.918,-92.00798215626756
99.928,-91.95054910356139
99.939,-91.87677026916073
99.949,-91.81079765206219
99.959,-91.74299525126199
99.968,-91.68391406575587
99.978,-91.6112420945392
99.988,-91.53552033660677
99.999,-91.45168879095336
100.009,-91.36437745657307
100.018,-91.27950333245983
100.028,-91.18609241760691
100.038,-91.08720171100747
100.048,-90.98709121165376
100.059,-90.87307691853819
100.069,-90.76259683065234
100.078,-90.6585179469878
100.088,-90.53584826653568
100.098,-90.40585878828644
100.108,-90.26915951123044
100.119,-90.11892343435755
100.128,-89.98027655665703
100.138,-89.82467787711782
100.148,-89.66907939472881
100.158,-89.51409110847776
100.169,-89.34642101735288
100.17699999999999,-89.21935912034148
100.188,-89.04296641643042
100.198,-88.88004890460702
100.208,-88.7183515838572
100.218,-88.55482445316716
100.229,-88.36903851152263
100.237,-88.23076175790865
100.248,-88.04163219130976
100.258,-87.87505581071083
100.268,-87.71457961509527
100.278,-87.5589836034468
100.287,-87.4208887747485
100.297,-87.27322312798299
100.30799999999999,-87.1156096621322
100.318,-86.9734243761778
100.328,-86.82209926910122
100.338,-86.66284433988345
100.347,-86.51596658750461
100.358,-86.33085401094476
100.368,-86.16001960918395
100.378,-85.9782053812009
100.388,-85.7884613259747
100.397,-85.603721442484
100.407,-85.37983772970705
100.418,-85.116923186621
100.428,-84.86132981220415
100.438,-84.57219660543272
100.447,-84.28757556528387
100.457,-83.94539269073394
100.467,-83.57759998075807
100.478,-83.14364743433266
100.488,-82.71122505043205
100.498,-82.24343282803122
100.507,-81.80186176610466
100.517,-81.27431986362653
100.527,-80.70652811956899
100.538,-80.03715453290644
100.548,-79.39436310261038
100.557,-78.78157682765396
100.567,-78.0607457070095
100.577,-77.30698473964688
100.588,-76.437730924539
100.598,-75.61202026065513
100.608,-74.74422974696624
100.617,-73.9294933824426
100.627,-72.98853316605407
100.637,-72.0164830967674
100.648,-70.9171761735535
100.658,-69.89877639537869
100.667,-68.94629576121224
100.67699999999999,-67.85472627002227
100.687,-66.74120692077344
100.697,-65.6045177124342
100.708,-64.34423764397212
100.718,-63.17766871435124
100.727,-62.117629922538896
100.737,-60.93887126750096
100.747,-59.74669274819957
100.757,-58.54598436360092
100.768,-57.22466611267024
100.776,-56.25663799437024
100.787,-54.92995200766253
100.797,-53.726194151514164
100.807,-52.524876424883885
100.817,-51.3296488267374
100.826,-50.2558863560337
100.837,-48.94462301173425
100.847,-47.7493957928035
100.857,-46.56636869819815
100.867,-45.386391726880206
100.878,-44.09994487781079
100.886,-43.17143014994837
100.897,-41.9198645422505
100.907,-40.79903805367971
100.917,-39.69284168319075
100.92699999999999,-38.59640542974483
100.93599999999999,-37.60716329229708
100.946,-36.51742726980529
100.957,-35.33294036122788
100.967,-34.2663745655194
100.977,-33.20529888163709
100.987,-32.16312330853827
100.996,-31.241930845176036
101.006,-30.230855490506027
101.017,-29.138923243484427
101.027,-28.168098103063855
101.037,-27.21678306819935
101.046,-26.36692513784511
101.056,-25.440000310955053
101.067,-24.43459458648095
101.077,-23.5259599633752
101.087,-22.619765440591003
101.096,-21.806133017080796
101.106,-20.913958691796726
101.116,-20.03398446368813
101.127,-19.081566331708142
101.137,-18.23269229480581
101.147,-17.40332835193237
101.156,-16.673657502038253
101.166,-15.880873744073444
101.176,-15.108220076985404
101.187,-14.274525499724852
101.197,-13.520772011238938
101.206,-12.859699610476882
101.216,-12.148016296386885
101.226,-11.441213067914774
101.236,-10.748429924008764
101.247,-10.044183863616315
101.257,-9.444090885682677
101.266,-8.909783989154787
101.276,-8.331641172978697
101.286,-7.7480084360984005
101.296,-7.202785777459665
101.307,-6.593118196007534
101.316,-6.062105690685419
101.326,-5.4803032604379815
101.336,-4.932650904207368
101.346,-4.416088620937392
101.357,-3.852027409571224
101.365,-3.445957269050653
101.376,-2.926171198316962
101.386,-2.4669291963132722
101.396,-2.0265872619792376
101.406,-1.5972253942563248
101.417,-1.1438355920853773
101.425,-0.8197178544061703
101.43599999999999,-0.40456418015842255
101.446,-0.038612568281272575
101.456,0.33038898228583524
101.466,0.685970472603622
101.475,0.9919819037345234
101.485,1.3115932767403309
101.496,1.6616925926829174
101.506,1.9873938526255897
101.516,2.2996850576310734
101.526,2.5881962087623314
101.535,2.8283543070837665
101.546,3.0986263536594856
101.556,3.328597349553371
101.566,3.5384482958309786
101.576,3.722079193556828
101.585,3.8760800437967986
101.595,4.026170847616642
101.606,4.172362606082411
101.616,4.287703320260924
101.626,4.386573991218993
101.635,4.468133620023902
101.645,4.545054207743313
101.655,4.608564755445343
101.666,4.650124264198162
101.676,4.676434735070538
101.68599999999999,4.685065169131462
101.695,4.6733305674503125
101.705,4.6508609310967515
101.715,4.622291261140802
101.726,4.58873155865291
101.736,4.552241824703758
101.745,4.514713060364457
101.755,4.467853266706454
101.765,4.413073444801364
101.775,4.349753595721349
101.786,4.278628720538901
101.796,4.212258820326634
101.80499999999999,4.154425896157802
101.815,4.087445949105488
101.825,4.015585980243424
101.836,3.92165799064562
101.846,3.830287981386197
101.855,3.74830795353996
101.865,3.6544979081819036
101.875,3.558857846387053
101.885,3.4589477692311488
101.896,3.334164677790279
101.904,3.2421845731407273
101.915,3.104652456358966
101.925,2.9827923285224913
101.935,2.8664221907082528
101.945,2.7500520439943044
101.956,2.6178878894583444
101.964,2.5234677281792277
101.975,2.39331656123551
101.985,2.2769463897060858
101.995,2.1563062146703587
102.005,2.0301760372081827
102.014,1.9158138583992255
102.025,1.7796236793238118
102.035,1.652883501062953
102.045,1.5170033246972245
102.05499999999999,1.3792931513083544
102.066,1.2377349819775323
102.074,1.1423388177871754
102.085,1.0175556598193594
102.095,0.9005755091566088
102.105,0.7805453668819884
102.115,0.6672252340789466
102.124,0.5654901118308411
102.134,0.4570500012217058
102.145,0.3416499033359526
102.155,0.24417981925798737
102.165,0.1497597500729133
102.17399999999999,0.07326969686629314
102.184,-0.00469033927653284
102.194,-0.07411035726942017
102.205,-0.14791935602594575
102.215,-0.20087933445961426
102.225,-0.2520092914833364
102.234,-0.2911852260099277
102.244,-0.33194513695166405
102.254,-0.36416502322050126
102.265,-0.39639388372810946
102.275,-0.42069371738588224
102.284,-0.4384675231047386
102.294,-0.45910729979538556
102.304,-0.4754770463682698
102.315,-0.4916017617334467
102.325,-0.49882144480068263
102.335,-0.5030010944793692
102.344,-0.5048627096787173
102.354,-0.5053822893075095
102.364,-0.5010218322742641
102.375,-0.49165933748723756
102.385,-0.4824188038543671
102.394,-0.4694572302832174
102.404,-0.4486366156810232
102.414,-0.4204959589546623
102.42399999999999,-0.3972352590108287
102.435,-0.3744635147557064
102.443,-0.3493707250952991
102.454,-0.30713988893516575
102.464,-0.2698490051804501
102.474,-0.2337780727361829
102.484,-0.1946570905069993
102.495,-0.15645205739714307
102.504,-0.1275779723106778
102.514,-0.09455683415124005
102.524,-0.059705641822158095
102.534,-0.024854394226550558
102.545,0.01737690973275763
102.553,0.04979027115333334
102.564,0.08531169113299475
102.574,0.10796317076982587
102.584,0.12391471116222297
102.594,0.14595631340886683
102.605,0.17610997860884225
102.613,0.20364370786143504
102.624,0.24453350226639103
102.634,0.2873153629237961
102.644,0.33009729093394347
102.654,0.3710492873974274
102.663,0.4032183534152085
102.673,0.4362404900884054
102.684,0.4710916985185105
102.694,0.4992339798073988
102.704,0.5237163350571705
102.713,0.5421697653702984
102.723,0.5532422718495247
102.733,0.5655348555978672
102.744,0.5836225177187
102.754,0.6001852593157482
102.764,0.6228380814930616
102.773,0.6352529853550799
102.783,0.6420559720065067
102.794,0.6494080425523698
102.804,0.6537711980980494
102.814,0.6648444397491617
102.823,0.6701227686116407
102.833,0.6793661857917648
102.843,0.673369692396167
102.854,0.6626162895318601
102.864,0.6395399783061684
102.874,0.6158537598267884
102.883,0.5986326352016202
102.893,0.5786066055389416
102.903,0.5598006719473094
102.914,0.5342858355356441
102.92399999999999,0.5112100974131266
102.93299999999999,0.49179345868922675
102.943,0.47786792047380433
102.953,0.46333248387703274
102.963,0.4372071500093784
102.974,0.4170609199815125
102.983,0.39654679490447764
102.993,0.3442017758895992
103.003,0.2949068640483694
103.013,0.25415206049284267
103.024,0.2105323663352776
103.034,0.17038778268805377
103.043,0.14000131066401345
103.053,0.11265695137623366
103.063,0.08958270593801876
103.073,0.06711857546310207
103.084,0.04160556106541047
103.092,0.02523966385927623
103.103,-0.007654115040787279
103.113,-0.040477774520043086
103.123,-0.0757413134632865
103.133,-0.11527473075500261
103.144,-0.16426102527965603
103.152,-0.1986741959210403
103.163,-0.24631824156284476
103.173,-0.2901211610884078
103.18299999999999,-0.33636395338062364
103.193,-0.38382661732239165
103.202,-0.4257401517960505
103.213,-0.47539655568375183
103.223,-0.5198088278674248
103.233,-0.5697109672286371
103.243,-0.611072972648586
103.252,-0.6458488430083771
103.262,-0.6878205771887772
103.273,-0.733450174070198
103.283,-0.7681016325327971
103.293,-0.808242951456339
103.303,-0.8489941297202247
103.312,-0.8865141662037255
103.322,-0.9248250597857097
103.333,-0.9637438093447228
103.343,-0.995954413759118
103.353,-1.0263348719068603
103.362,-1.053423182665754
103.372,-1.086243344913226
103.382,-1.1160133575263866
103.393,-1.144877219382023
103.403,-1.164286929356797
103.413,-1.1830864863269879
103.422,-1.2003008891686084
103.432,-1.2178801367572623
103.442,-1.2336292279683494
103.453,-1.253769161677047
103.463,-1.269517936758123
103.472,-1.2763005520861592
103.482,-1.2871690065353736
103.492,-1.2962072989796953
103.503,-1.3089654282927525
103.513,-1.3222733933479676
103.522,-1.3356431930184436
103.532,-1.3526108261770209
103.542,-1.3689682916963406
103.55199999999999,-1.3828855884486537
103.563,-1.39899771530605
103.573,-1.4123046711401495
103.582,-1.420183454822426
103.592,-1.431050065223991
103.602,-1.4431365012157165
103.612,-1.459492761668133
103.623,-1.4849978454516188
103.631,-1.5003797514361032
103.642,-1.5232004784912752
103.652,-1.5468760254865663
103.662,-1.5693313912910347
103.672,-1.5869065747733992
103.68299999999999,-1.6050295748021848
103.692,-1.6183963902455951
103.702,-1.6335310199715436
103.712,-1.6504954628476014
103.722,-1.6644097177410209
103.733,-1.6878997835188687
103.741,-1.699863659047716
103.752,-1.7199983431940578
103.762,-1.7387918348240303
103.772,-1.756365132803416
103.782,-1.7714982359977824
103.791,-1.7799221432725119
103.801,-1.7883448534926458
103.812,-1.7977423655229008
103.822,-1.8086046782276517
103.832,-1.8194667904709545
103.842,-1.8278887011167289
103.851,-1.8335664090285744
103.861,-1.840767913069819
103.872,-1.8494932121033638
103.882,-1.8548643049918725
103.892,-1.8590251905977158
103.901,-1.85812286778298
103.911,-1.856793335409321
103.921,-1.8542435923381193
103.932,-1.854255637430416
103.942,-1.850485469547055
103.952,-1.8503750875486151
103.961,-1.8516674902952879
103.971,-1.8564266766471351
103.982,-1.8611346454638975
103.992,-1.8658933956051356
104.002,-1.8755319259301504
104.011,-1.8828532352980263
104.021,-1.888221322567527
104.031,-1.8923791865971842
104.042,-1.9017718262451684
104.05199999999999,-1.9059292403694013
104.06099999999999,-1.9077684278275928
104.071,-1.9204553874770993
104.081,-1.9343621181750073
104.091,-1.9482686187781237
104.102,-1.9643698881431093
104.112,-1.9764459251261592
104.121,-1.9903527285833365
104.131,-2.004258297370432
104.141,-2.0206036303429906
104.151,-2.035728726356281
104.162,-2.04646058426551
104.171,-2.0592682029253675
104.181,-2.0762225811904127
104.191,-2.0907367179149356
104.201,-2.1064706119528975
104.212,-2.127937262158091
104.222,-2.142450667383899
104.231,-2.1525118264836482
104.241,-2.1639747383103085
104.251,-2.1790974017166462
104.261,-2.193609815555027
104.272,-2.213732978677717
104.28,-2.2251968899365773
104.291,-2.244648548183248
104.301,-2.259159952269104
104.31099999999999,-2.2748911010451414
104.321,-2.2869619933621914
104.33,-2.305804628070752
104.34,-2.32641500402109
104.351,-2.3505621200632216
104.361,-2.380921975046885
104.371,-2.4204315678214305
104.381,-2.4587208972362213
104.39,-2.498963962140124
104.4,-2.549452761381935
104.411,-2.6091502938100692
104.421,-2.6699985582728782
104.431,-2.7399965536181097
104.44,-2.808228278693586
104.45,-2.884935732346607
104.461,-2.9949349134241103
104.471,-3.1167618207731786
104.481,-3.2574884532401196
104.491,-3.4207748096716952
104.5,-3.5839368889136543
104.51,-3.785032689811929
104.521,-4.037227211211782
104.531,-4.282222451958947
104.541,-4.53514741089793
104.55,-4.776788086874182
104.56,-5.056532478732267
104.57,-5.359456585316046
104.581,-5.722320405470828
104.591,-6.074023938039389
104.6,-6.4056631818664105
104.61,-6.793946135795251
104.62,-7.202958798668963
104.63,-7.633921169329932
104.641,-8.126231246622416
104.651,-8.59256302938721
104.66,-9.03395551646794
104.67,-9.548456706706462
104.67999999999999,-10.091617598943612
104.691,-10.722097192022856
104.701,-11.320137484783302
104.71,-11.876224476067685
104.72,-12.508404164716573
104.73,-13.157053549570273
104.74,-13.82155262946816
104.751,-14.574097403252612
104.761,-15.272745869760861
104.77,-15.92212502783453
104.78,-16.672602876312624
104.79,-17.43710041403391
104.8,-18.224767639836138
104.81099999999999,-19.124204552559416
104.819,-19.78346115104295
104.83,-20.703687434122557
104.84,-21.552943400638085
104.85,-22.41072904942511
104.86,-23.268514379323527
104.869,-24.041361389168852
104.879,-24.897926077798815
104.89,-25.857728444048806
104.9,-26.744172486756856
104.91,-27.637326204756974
104.921,-28.62529859688803
104.929,-29.34991166198258
104.94,-30.360015398877348
104.95,-31.27816780640842
104.96,-32.20668988340849
104.97,-33.13521162871486
104.979,-33.97007404116018
104.989,-34.90651511957963
105.0,-35.93673586280591
105.01,-36.8622062696746
105.02,-37.79437633901709
105.03,-38.72898606966948
105.039,-39.57097446046318
105.04899999999999,-40.5104635102306
105.06,-41.54605021780713
105.07,-42.48248858202154
105.08,-43.41953660170916
105.089,-44.264268275700175
105.099,-45.202535602827254
105.109,-46.12495258192012
105.12,-47.12901121181303
105.13,-48.04776749133342
105.139,-48.88317341931463
105.149,-49.81960899458689
105.159,-50.7621442159802
105.17,-51.804437082323865
105.17999999999999,-52.75246159244828
105.19,-53.70292574518489
105.199,-54.55698653936148
105.209,-55.495249973808164
105.219,-56.42132304735228
105.23,-57.43477175882567
105.24,-58.35474410705336
105.249,-59.167646090866306
105.259,-60.05712770909228
105.269,-60.95209896055881
105.279,-61.844629844092395
105.29,-62.814472358523666
105.3,-63.68993250267661
105.309,-64.47594027538102
105.319,-65.33797967546356
105.329,-66.17867870174943
105.339,-67.01144735306767
105.35,-67.93836562824261
105.358,-68.59272352610245
105.369,-69.45658904547096
105.379,-70.20399618517581
105.389,-70.91908294404088
105.4,-71.68032832089403
105.408,-72.21175631455822
105.419,-72.92739492385954
105.429,-73.5656501476234
105.439,-74.20817498467288
105.449,-74.83301943383424
105.46,-75.52048549393018
105.468,-76.01435116378616
105.479,-76.6977904422242
105.489,-77.31592332806946
105.499,-77.9328358201438
105.509,-78.53937791727213
105.518,-79.07732861827614
105.528,-79.66679992197909
105.539,-80.32005282720262
105.54899999999999,-80.90647333276931
105.559,-81.48923343750245
105.569,-82.06041314022316
105.578,-82.55336143975295
105.588,-83.10442033491309
105.599,-83.71474882452645
105.609,-84.2438569074121
105.619,-84.76259458239271
105.628,-85.22206084828785
105.638,-85.71762770391837
105.649,-86.24075714810364
105.659,-86.70705317966447
105.669,-87.15810879741932
105.678,-87.5374550001886
105.688,-87.9342397867912
105.698,-88.3011441560452
105.709,-88.66329710677039
105.719,-88.96679063778389
105.729,-89.23918374790505
105.738,-89.45773343595138
105.748,-89.680125700741
105.758,-89.88361754109101
105.769,-90.08612495581947
105.779,-90.2572959437427
105.788,-90.3946275036781
105.798,-90.5359176344422
105.80799999999999,-90.6662273348512
105.818,-90.77702660372174
105.829,-90.88026743986957
105.839,-90.95448584211064
105.848,-91.00564880926039
105.858,-91.04876634013422
105.868,-91.08029343354713
105.879,-91.1070710883142
105.889,-91.12213730325013
105.898,-91.13159207716964
105.908,-91.14177740888708
105.918,-91.1464722972164
105.928,-91.15238674097145
105.939,-91.16305773896585
105.947,-91.16275929001304
105.958,-91.15733639292637
105.968,-91.14434904651897
105.978,-91.12770124960377
105.988,-91.10983300099346
105.999,-91.10575029950058
106.007,-91.10593714393741
106.018,-91.12063053311596
106.028,-91.1369104658482
106.038,-91.14952994094592
106.048,-91.17007895722075
106.057,-91.18282051348402
106.067,-91.19848860854692
106.078,-91.20379624122053
106.088,-91.20117341031558
106.098,-91.19367011464273
106.108,-91.18677635301252
106.117,-91.1731721242353
106.128,-91.1590184271213
106.138,-91.14297326048046
106.148,-91.11656762312259
106.158,-91.09321151385716
106.167,-91.06479093149349
106.17699999999999,-91.03045387484076
106.188,-90.98410034270768
106.198,-90.94366233390308
106.208,-90.89408384723536
106.217,-90.8502978815129
106.227,-90.80558843554375
106.237,-90.76087850813597
106.248,-90.70916509809722
106.258,-90.66628420423521
106.268,-90.62340282535725
106.277,-90.58126096027061
106.287,-90.54142860778228
106.297,-90.49976576669903
106.30799999999999,-90.45877443582721
106.318,-90.42504061397311
106.327,-90.39825929994286
106.337,-90.36452449254242
106.347,-90.3216391905776
106.358,-90.28735539285393
106.368,-90.26032909817688
106.378,-90.23452230535172
106.387,-90.21651301318354
106.397,-90.19801522047717
106.407,-90.18256692603732
106.418,-90.17309612866855
106.428,-90.16252682717514
106.437,-90.15110302036116
106.447,-90.1417527070305
106.457,-90.13057188598677
106.467,-90.1254905560335
106.478,-90.11870071597399
106.486,-90.1115443646114
106.497,-90.10408250074877
106.507,-90.08984912318894
106.517,-90.07988523073458
106.527,-90.07297082218815
106.538,-90.06684889635216
106.546,-90.05334545202889
106.557,-90.04185448802055
106.567,-90.03066800312921
106.577,-90.01765099615689
106.588,-90.00682946590537
106.596,-89.99332341117605
106.607,-89.97780383077021
106.617,-89.96234472348904
106.627,-89.9438350881335
106.637,-89.92593492350437
106.648,-89.90371422840231
106.656,-89.87215700162784
106.667,-89.83718624198136
106.67699999999999,-89.8095339482629
106.687,-89.76907111927224
106.697,-89.73653775380913
106.706,-89.70479585067301
106.716,-89.66494140866311
106.727,-89.61387442657839
106.737,-89.56609890321782
106.747,-89.51283283737988
106.756,-89.46352922786316
106.766,-89.41270207346601
106.776,-89.35516437298665
106.787,-89.29000312522297
106.797,-89.22697432897282
106.807,-89.16150498303347
106.816,-89.10451208620219
106.826,-89.04148163727608
106.837,-88.97497563505182
106.847,-88.91011407832649
106.857,-88.8409819658966
106.866,-88.77630929655882
106.876,-88.70595606910958
106.886,-88.6362122823452
106.897,-88.55360993506163
106.907,-88.48265502605491
106.917,-88.40986955412043
106.926,-88.34354651805367
106.93599999999999,-88.2725899166498
106.946,-88.20467274870377
106.957,-88.13413401301064
106.967,-88.07109570836509
106.976,-88.01244683356178
106.986,-87.94818738739512
106.996,-87.88880736865954
107.006,-87.82942677614906
107.017,-87.76358160865796
107.025,-87.71981186497997
107.036,-87.67072954390905
107.046,-87.62719664423851
107.056,-87.5848831647617
107.067,-87.54183810427166
107.077,-87.50623346156127
107.086,-87.47282323542328
107.096,-87.44026742465024
107.106,-87.41259102803456
107.116,-87.3867440443683
107.127,-87.36114147244353
107.135,-87.34662931105211
107.146,-87.3310795589857
107.156,-87.33206021503584
107.166,-87.34279027799383
107.176,-87.35717974665097
107.187,-87.37717961979833
107.195,-87.3860798962268
107.206,-87.39265857472716
107.216,-87.40155565408993
107.226,-87.41533213310561
107.236,-87.43520801056451
107.245,-87.45941528525675
107.255,-87.4951399559722
107.266,-87.53995102150091
107.276,-87.58177448063238
107.286,-87.62664733215642
107.295,-87.66731257486245
107.30499999999999,-87.71645420753968
107.316,-87.77602422897756
107.326,-87.82211463796517
107.336,-87.87308443329178
107.346,-87.92283361374626
107.355,-87.96569117811731
107.365,-88.01909912519338
107.376,-88.085364453763
107.386,-88.1497411626142
107.396,-88.21472725053542
107.405,-88.26800371631454
107.415,-88.31713855873946
107.425,-88.36566277659782
107.43599999999999,-88.42254136867732
107.446,-88.47959433376549
107.456,-88.54335667064969
107.465,-88.60706037811707
107.475,-88.69399145495467
107.485,-88.79007189994961
107.496,-88.89792071188836
107.506,-88.98911988955771
107.515,-89.06543843174401
107.525,-89.14870633723385
107.535,-89.22892360481356
107.546,-89.31865223326986
107.556,-89.39216822138874
107.565,-89.46080656795671
107.575,-89.53676127175991
107.585,-89.60295533158423
107.595,-89.66182874621578
107.606,-89.7267375144402
107.616,-89.78438963504325
107.625,-89.8310731068104
107.635,-89.88202392852727
107.645,-89.92748409897926
107.655,-89.97294361695178
107.666,-90.02309748122994
107.67399999999999,-90.05489569059897
107.685,-90.10236424384401
107.695,-90.13623113974971
107.705,-90.16400737710102
107.715,-90.19178295468257
107.726,-90.22181387127894
107.734,-90.24092812567487
107.745,-90.26693171665498
107.755,-90.28555464300364
107.765,-90.2992969035051
107.775,-90.3105984969435
107.784,-90.31500742210294
107.795,-90.31820467776734
107.80499999999999,-90.31914426272049
107.815,-90.31642317574597
107.825,-90.31187141562725
107.834,-90.3042079811478
107.844,-90.29294487109091
107.855,-90.27198208423975
107.865,-90.24913761937748
107.875,-90.22202247528713
107.885,-90.1942966507517
107.894,-90.16577614455397
107.904,-90.13072895547683
107.915,-90.0795890823029
107.925,-90.02686052381489
107.935,-89.96132127879511
107.944,-89.89767034602606
107.954,-89.83273972428994
107.964,-89.76841841236883
107.975,-89.6924474090449
107.985,-89.62690471309989
107.995,-89.54795132331554
108.004,-89.4749722384735
108.014,-89.3966274573553
108.025,-89.30590197874227
108.035,-89.22267580141605
108.045,-89.14066892415771
108.054,-89.06713734574866
108.064,-88.9857390649702
108.074,-88.90678008060331
108.085,-88.81739239142934
108.095,-88.73782199622914
108.104,-88.66538489378367
108.114,-88.58459308287354
108.124,-88.50197056227957
108.134,-88.42117733078202
108.145,-88.33648238716134
108.155,-88.26117773019756
108.164,-88.19257935867083
108.17399999999999,-88.12093327136114
108.184,-88.05598646704829
108.194,-87.99347894451225
108.205,-87.92218870253302
108.213,-87.86614173989037
108.224,-87.80088905536397
108.234,-87.7450886477337
108.244,-87.68989751577905
108.254,-87.6456756582798
108.265,-87.5911560740156
108.274,-87.54559876176597
108.284,-87.49345472031033
108.294,-87.44191994842815
108.304,-87.38489444489853
108.315,-87.32366120850072
108.323,-87.2759022380136
108.334,-87.20929953221592
108.344,-87.14312108988663
108.354,-87.06780190980409
108.364,-86.97845199074673
108.373,-86.8840443314929
108.383,-86.76177293082084
108.394,-86.6093107875083
108.404,-86.4534979003338
108.414,-86.27329426807466
108.42399999999999,-86.0625998895093
108.43299999999999,-85.85129576341494
108.443,-85.59852988856915
108.454,-85.30319526374964
108.464,-85.01078788773319
108.474,-84.68972975929722
108.483,-84.37635287721908
108.493,-84.00772324027614
108.504,-83.57689784724438
108.514,-83.15278669690223
108.524,-82.70306478802505
108.534,-82.22224211939024
108.543,-81.77221368977473
108.553,-81.25296949795542
108.564,-80.66116554270816
108.574,-80.09313982280914
108.584,-79.50621333703525
108.593,-78.9601420841632
108.603,-78.33236406296962
108.613,-77.68507527222907
108.624,-76.95241171071913
108.634,-76.26182137721455
108.643,-75.62409927049232
108.653,-74.89448738932778
108.663,-74.14962473249821
108.673,-73.38525129877736
108.684,-72.52380608694288
108.694,-71.7149210957691
108.703,-70.9657923240328
108.713,-70.11422577051002
108.723,-69.24557843397439
108.733,-68.3592503132027
108.744,-67.3696944069713
108.753,-66.55086571405445
108.763,-65.62551523322762
108.773,-64.68308396326795
108.783,-63.729681902948066
108.794,-62.66365005104545
108.804,-61.67792640633336
108.813,-60.777327967588306
108.823,-59.7629427335857
108.833,-58.7308767030981
108.843,-57.672589874901725
108.854,-56.48985424777238
108.862,-55.629861820483654
108.873,-54.44980859180861
108.883,-53.37810856052514
108.893,-52.31188772540393
108.903,-51.24871608522062
108.912,-50.28993363874983
108.922,-49.23347038476614
108.93299999999999,-48.066821322042095
108.943,-47.00059644935124
108.953,-45.9355907654685
108.963,-44.86631426916926
108.972,-43.91136995922492
108.983,-42.75276883440935
108.993,-41.6981298934993
109.003,-40.645930135265
109.013,-39.59616955848161
109.022,-38.65275016192318
109.032,-37.61639794436363
109.043,-36.48596290457341
109.053,-35.46180904132981
109.063,-34.452284353402796
109.073,-33.45251883956846
109.082,-32.55957549859769
109.092,-31.570168329264
109.103,-30.491373330341858
109.113,-29.51904450060241
109.123,-28.55585483881946
109.132,-27.695838343766397
109.142,-26.749117014216576
109.152,-25.82007484894066
109.163,-24.81370984671369
109.173,-23.911496006306752
109.182,-23.107995326493906
109.192,-22.224069806048302
109.202,-21.35295344374055
109.213,-20.39890023834534
109.223,-19.53082218863361
109.233,-18.660913293378584
109.242,-17.879907551352908
109.252,-17.02219696132916
109.262,-16.183995522077428
109.273,-15.280922232371724
109.283,-14.472599090982511
109.292,-13.759638096683016
109.30199999999999,-12.980583248245646
109.312,-12.200307544440689
109.322,-11.413320984041313
109.333,-10.549809565820222
109.343,-9.787211288547933
109.352,-9.153823150997473
109.362,-8.554033151941018
109.372,-7.928022290149192
109.382,-7.320300564394831
109.393,-6.655993973450354
109.401,-6.143756516086997
109.412,-5.451948191075637
109.422,-4.814342997190097
109.432,-4.173686933199871
109.442,-3.52693999787831
109.451,-2.941837189995354
109.462,-2.2332495083223685
109.472,-1.6108899516325297
109.482,-1.0007195186951976
109.492,-0.40822820828272044
109.503,0.21383698083294456
109.511,0.6626680498808935
109.522,1.249183000090536
109.532,1.777037832688837
109.542,2.2780635489062155
109.55199999999999,2.7730001499699144
109.56099999999999,3.2126906371099815
109.571,3.6856690115550195
109.582,4.202438274533305
109.592,4.651638427274644
109.602,5.103889471007612
109.612,5.5378514069605735
109.621,5.910596236363645
109.631,6.315899960445639
109.642,6.738767580435036
109.652,7.111753097561653
109.662,7.484739513054283
109.671,7.814135828141946
109.681,8.162734044053725
109.692,8.527922162019346
109.702,8.844822183268176
109.712,9.14830310902914
109.721,9.404713940531314
109.731,9.66734667900385
109.741,9.918390325676649
109.752,10.181635881778512
109.762,10.387561348539151
109.772,10.573367727187664
109.781,10.731549018953295
109.791,10.873457225065415
109.801,11.003776346753755
109.812,11.138910385247499
109.822,11.261911341776388
109.831,11.373450217569872
109.841,11.497063013857579
109.851,11.62616673186947
109.861,11.757101372835052
109.872,11.896937937983912
109.882,12.010194428545935
109.891,12.10308184575061
109.901,12.198050190827495
109.911,12.2808194650065
109.921,12.348349669517182
109.932,12.407704805589129
109.941,12.449566874451946
109.951,12.495749877335108
109.961,12.549863815468175
109.971,12.602758690080687
109.982,12.650722502402237
109.99,12.682037253662438
110.001,12.712556945090896
110.011,12.727045577917112
110.021,12.719585153370586
110.031,12.695655672680823
110.042,12.652402137077408
110.05,12.607138547789917
110.06099999999999,12.52229590604793
110.071,12.43008021308093
110.081,12.338475470118567
110.091,12.249921678390539
110.1,12.170514839126167
110.11,12.074032953555085
110.121,11.95298402290698
110.131,11.82845404841117
110.141,11.681365031297275
110.151,11.516596972795076
110.16,11.357617874133755
110.171,11.150047736542925
110.181,10.95235256125274
110.191,10.744908349492164
110.201,10.524045102491565
110.21,10.321717821480105
110.22,10.09475650768758
110.231,9.836889162344033
110.241,9.588589786678776
110.251,9.342121381921821
110.26,9.109621949302996
110.27,8.838765490052065
110.28,8.546570005397927
110.291,8.21693349657097
110.301,7.897909964800329
110.31099999999999,7.5581574113165715
110.32,7.2855958373486605
110.33,7.010475244126486
110.34,6.762185632879891
110.351,6.5143840048386465
110.361,6.305736361231878
110.37,6.142943703289559
110.38,5.994048032241359
110.39,5.84149334931646
110.4,5.688329655744557
110.411,5.525717952755263
110.421,5.388416241577765
110.42999999999999,5.262394523441946
110.44,5.119604799576642
110.45,4.985356071211557
110.461,4.841537339576217
110.471,4.712770605899767
110.48,4.601567871411749
110.49,4.481953137341524
110.5,4.373319404918053
110.51,4.264076675370749
110.521,4.1403829499288936
110.529,4.052238229821489
110.54,3.9245205162775023
110.55,3.812231810526375
110.56,3.6926241137969185
110.57,3.571797427318733
110.581,3.4199387523205904
110.589,3.3083840900320856
110.6,3.153843441682128
110.61,3.0092408084995745
110.62,2.8512291917135313
110.63,2.6919985925532193
110.639,2.5495370122471845
110.65,2.3755534520243002
110.66,2.2218059131139314
110.67,2.0729393967444776
110.67999999999999,1.9198039041454011
110.691,1.7424694365451758
110.699,1.607509995173392
110.71,1.4180995812588195
110.72,1.250338196030226
110.73,1.0825778407168345
110.74,0.9129885165479319
110.749,0.7573622247521619
110.759,0.5908249665584169
110.77,0.4088017431957933
110.78,0.24531655589275392
110.79,0.08854240587818474
110.8,-0.07006070561890376
110.809,-0.20811277737011513
110.819,-0.36062380814657535
110.83,-0.5205087967192645
110.84,-0.6595977418597024
110.85,-0.7999056423388008
110.859,-0.9291774969281192
110.869,-1.0731433043988727
110.879,-1.2164980635222307
110.89,-1.3750347730693286
110.9,-1.5141174318116521
110.909,-1.6340510385201572
110.919,-1.760331591966084
110.929,-1.8823410909209026
110.94,-2.010688534155512
110.95,-2.122325920441421
110.96,-2.2309122485495703
110.969,-2.3266925172515407
110.979,-2.4304067253185573
110.989,-2.5304598715219115
111.0,-2.640023954632886
111.01,-2.733974973423094
111.019,-2.820425926663839
111.029,-2.910104813126549
111.039,-3.0022226315829816
111.04899999999999,-3.0857993808043207
111.06,-3.1752270595623724
111.07,-3.254531666628413
111.079,-3.323417200774241
111.089,-3.394799660771342
111.099,-3.4637410453912567
111.109,-3.5265813534054917
111.12,-3.591857583585937
111.129,-3.643718734704165
111.139,-3.696805805532049
111.149,-3.7565917948416727
111.159,-3.8139367014048697
111.17,-3.8704955239936862
111.178,-3.9097962613802997
111.189,-3.965681912336912
111.199,-4.013272475635818
111.209,-4.060861950049261
111.219,-4.10296033434956
111.23,-4.152802627309272
111.238,-4.186728827700589
111.249,-4.233213934296041
111.259,-4.276527945868203
111.269,-4.318010861189666
111.279,-4.358882679033044
111.288,-4.40195139817123
111.298,-4.4428210173769145
111.309,-4.488628535422798
111.319,-4.53254595108176
111.329,-4.578292263126453
111.339,-4.625867470329853
111.348,-4.670576571464738
111.358,-4.717539565304017
111.369,-4.766695450620421
111.379,-4.814876226186993
111.389,-4.8667158907765895
111.398,-4.90867444316235
111.408,-4.955021882117361
111.419,-5.0122242064147695
111.429,-5.062229414827918
111.439,-5.107353506130018
111.449,-5.152476479094529
111.458,-5.1905853324946545
111.468,-5.228386065103869
111.479,-5.265451675695589
111.489,-5.2977601630433355
111.499,-5.328847525920455
111.508,-5.348842763100709
111.518,-5.369567873357822
111.528,-5.387851855465579
111.539,-5.406804708197809
111.54899999999999,-5.4177664303285304
111.55799999999999,-5.424580020631952
111.568,-5.438589477882186
111.578,-5.4501578008534395
111.588,-5.462944988319837
111.599,-5.475852039055686
111.609,-5.486806951835101
111.618,-5.491417725432326
111.628,-5.498100358621548
111.638,-5.5084418501771
111.649,-5.519330198873327
111.659,-5.5193094034847
111.668,-5.515688462785709
111.678,-5.512005375550894
111.688,-5.506491140554827
111.698,-5.502805756572107
111.709,-5.498265222377574
111.717,-5.492625536746084
111.728,-5.486740698452564
111.738,-5.481830706272056
111.748,-5.476309558979569
111.758,-5.47078725535024
111.769,-5.464226794159279
111.777,-5.456628174182024
111.788,-5.4473813941938065
111.798,-5.441244452970091
111.80799999999999,-5.438156349286304
111.818,-5.433847081917994
111.827,-5.4285606496408505
111.838,-5.428031051230516
111.848,-5.429818285462725
111.858,-5.433434351113286
111.868,-5.436439246957972
111.879,-5.443945971772626
111.887,-5.449014524332959
111.898,-5.461886903414809
111.908,-5.468537107794177
111.918,-5.473966136247142
111.928,-5.479393987549807
111.937,-5.487810660478404
111.947,-5.498726153809219
111.958,-5.51494646631857
111.968,-5.528909596782924
111.978,-5.5404315439787855
111.987,-5.546646306682801
111.997,-5.556335883671755
112.007,-5.562364273722478
112.018,-5.567181475611859
112.028,-5.5634574881168355
112.038,-5.56217231001429
112.047,-5.562898940081288
112.057,-5.562221377095009
112.067,-5.568242619832697
112.078,-5.575054667071779
112.088,-5.577423517589709
112.097,-5.577046170164069
112.107,-5.5739226235724395
112.117,-5.573237876592611
112.128,-5.571331928002429
112.13799999999999,-5.56515477657997
112.14800000000001,-5.558976421103415
112.157,-5.555297860350972
112.16699999999999,-5.55033709310093
112.177,-5.545375118131659
112.188,-5.548829934221551
112.198,-5.543255540148971
112.20700000000001,-5.531884934692325
112.217,-5.522038116630231
112.22699999999999,-5.517070084741421
112.23700000000001,-5.516980837804821
112.248,-5.524443374599331
112.25599999999999,-5.529467693903964
112.26700000000001,-5.542966794497888
112.277,-5.552622675160082
112.28699999999999,-5.558617334669831
112.29700000000001,-5.562180771806574
112.308,-5.570306985349696
112.317,-5.578128974078739
112.32700000000001,-5.580468736773458
112.337,-5.588287272213485
112.347,-5.596104579178601
112.35799999999999,-5.6008806564487355
112.366,-5.5985795028038545
112.377,-5.598656117023959
112.38699999999999,-5.603418497889216
112.397,-5.611229644179854
112.407,-5.61416955467609
112.41799999999999,-5.620269228158296
112.426,-5.621856663406881
112.437,-5.630637859202281
112.44699999999999,-5.638442814325003
112.45700000000001,-5.646246527555737
112.467,-5.656488997675115
112.47600000000001,-5.667036223464022
112.486,-5.677276203703219
112.497,-5.679350937173739
112.50699999999999,-5.67861842265652
112.51700000000001,-5.679104658932745
112.526,-5.678125644783572
112.53599999999999,-5.686529378990354
112.546,-5.70042186033465
112.557,-5.729989087597962
112.567,-5.7566890595621825
112.57700000000001,-5.7663077750092935
112.586,-5.762027232721257
112.59599999999999,-5.752743431480274
112.60700000000001,-5.736016370068478
112.617,-5.705390047268233
112.627,-5.666832461862052
112.63600000000001,-5.619741612632517
112.646,-5.561671498362589
112.65599999999999,-5.493840117835095
112.66699999999999,-5.411380469832977
112.677,-5.332576553139088
112.687,-5.248281366536897
112.69600000000001,-5.1726439088092135
112.706,-5.089566178739789
112.716,-5.007097175111987
112.72699999999999,-4.912551896709508
112.73700000000001,-4.824590342316066
112.746,-4.743456510716114
112.75599999999999,-4.6536624006933796
112.766,-4.5663070110318245
112.776,-4.479560340516158
112.78699999999999,-4.384336387930435
112.796,-4.310333152058942
112.806,-4.228462631686585
112.81599999999999,-4.1478108255978645
112.82600000000001,-4.0714277325774395
112.837,-3.9909593514106896
112.847,-3.9182336808825826
112.85600000000001,-3.856291719778148
112.866,-3.798193466883043
112.87599999999999,-3.743753920982713
112.88600000000001,-3.6905330808627657
112.897,-3.6388989453092333
112.90499999999999,-3.597993513108041
112.91600000000001,-3.544343783045107
112.926,-3.497217753907143
112.93599999999999,-3.445820424480613
112.94600000000001,-3.3932017935521195
112.95700000000001,-3.3301528599087997
112.96499999999999,-3.277039622337683
112.97600000000001,-3.1985660796257616
112.986,-3.1172822305609533
112.996,-3.0262370739306688
113.00599999999999,-2.919950608522579
113.015,-2.814634833124167
113.02499999999999,-2.6839557465238753
113.03599999999999,-2.524976347509421
113.046,-2.3625846348687674
113.056,-2.203241607391132
113.06500000000001,-2.057860263864258
113.075,-1.8936346030775575
113.086,-1.68837162381958
113.09599999999999,-1.4759733248796079
113.10600000000001,-1.2404037050462493
113.116,-0.9773927631102844
113.12499999999999,-0.7090814978608346
113.135,-0.40216790808656344
113.146,-0.048671992579039536
113.15599999999999,0.2960542498722245
113.16600000000001,0.651751820478252
113.175,0.9881187204465005
113.18499999999999,1.3895489509877574
113.19500000000001,1.8245205133122742
113.206,2.326260408626879
113.216,2.8136746381411784
113.22600000000001,3.3474302030655356
113.235,3.8572261046052927
113.24499999999999,4.4513543439708325
113.25500000000001,5.086943922371772
113.266,5.820769841012904
113.276,6.51855210110311
113.28500000000001,7.172129703851946
113.295,7.916874650463409
113.30499999999999,8.684180942146504
113.31599999999999,9.559528580108752
113.32600000000001,10.384757565558692
113.335,11.156331899698497
113.34500000000001,12.011443583740341
113.355,12.859236618885488
113.365,13.71618100634273
113.37599999999999,14.676720747318763
113.38600000000001,15.56659784302139
113.395,16.387023294651428
113.40499999999999,17.313483103417994
113.415,18.252754270528847
113.425,19.201776797184184
113.43599999999999,20.22269268459247
113.444,20.943181933959718
113.455,21.919165546488465
113.46499999999999,22.8218535233845
113.47500000000001,23.730032865855605
113.485,24.62480357510126
113.496,25.628963652328753
113.504,26.35678109874316
113.515,27.353562915546064
113.52499999999999,28.25747910394227
113.53500000000001,29.182126665138608
113.546,30.201044600333947
113.55399999999999,30.93570091073255
113.56500000000001,31.93987059754272
113.575,32.84684366196043
113.585,33.75076810519135
113.59500000000001,34.630303928440505
113.604,35.40685613290492
113.61399999999999,36.29798471979008
113.62499999999999,37.24582069029808
113.635,38.09243204563245
113.645,38.95978478699055
113.65499999999999,39.823478915576416
113.664,40.58357843259346
113.67399999999999,41.42959533923899
113.68499999999999,42.37878163671649
113.69500000000001,43.23943132622842
113.705,44.079962408971184
113.71400000000001,44.84609888614972
113.724,45.69272275896054
113.734,46.51800802860601
113.74499999999999,47.39811169628659
113.75500000000001,48.195349763203545
113.765,48.98405923055252
113.77399999999999,49.677772099534984
113.784,50.437214371353186
113.795,51.25428404720205
113.80499999999999,51.98018912828197
113.81500000000001,52.70122561579401
113.824,53.34006351093231
113.83399999999999,54.03183281489787
113.84400000000001,54.69433352889041
113.855,55.39537265410454
113.865,55.99628619173944
113.87400000000001,56.54073914299445
113.884,57.112995509064326
113.89399999999999,57.67977329114764
113.90400000000001,58.225822490442944
113.915,58.80546310814426
113.925,59.33199514544912
113.93400000000001,59.80840760355532
113.944,60.319702483656485
113.954,60.81331878694976
113.96400000000001,61.308156514632245
113.97500000000001,61.85426666789687
113.98299999999999,62.24751924793936
113.99399999999999,62.778881255956065
114.004,63.256034693142276
114.014,63.721609560690304
114.02499999999999,64.22748885979624
114.03500000000001,64.7040365916554
114.044,65.12888575745934
114.05399999999999,65.58775635840384
114.06400000000001,66.04479839568366
114.074,66.50428187048982
114.085,67.02290778401718
114.093,67.4015441374593
114.104,67.90005393200789
114.11399999999999,68.3406431688563
114.12400000000001,68.77696384919867
114.134,69.225475974225
114.14299999999999,69.64045754512851
114.153,70.10178256310299
114.164,70.6043270293377
114.17399999999999,71.05467494502514
114.18400000000001,71.49466431135811
114.194,71.9133151295253
114.20299999999999,72.27507040071885
114.21300000000001,72.67786412613108
114.224,73.09858830695043
114.234,73.45443494436796
114.24399999999999,73.79870303957392
114.253,74.09076959375889
114.26299999999999,74.39967060811105
114.27399999999999,74.7211380838208
114.284,74.99102202207803
114.294,75.21760742407069
114.30399999999999,75.40639429098862
114.313,75.553596624021
114.323,75.70091642435578
114.33399999999999,75.85269569318181
114.34400000000001,75.9725884316875
114.354,76.08211264106028
114.36299999999999,76.17114632248824
114.373,76.2489634771593
114.383,76.30910210626041
114.39399999999999,76.34887721097914
114.40400000000001,76.3766987925026
114.413,76.40153385201756
114.42299999999999,76.41350839071077
114.433,76.40780440976854
114.443,76.39478191037709
114.454,76.35609189372231
114.46400000000001,76.30648236098978
114.473,76.25011031336543
114.48299999999999,76.18343375203435
114.49300000000001,76.11065867818147
114.504,76.02033109299212
114.514,75.9286589976509
114.52300000000001,75.84046139334195
114.533,75.75428228125017
114.54299999999999,75.67237466255948
114.55300000000001,75.58497853845364
114.56400000000001,75.49063391011694
114.574,75.39775077873271
114.58300000000001,75.3166991454839
114.593,75.22503901155395
114.603,75.12545037812545
114.61299999999999,75.02281324638099
114.62400000000001,74.91103161750259
114.63199999999999,74.8346194926732
114.64299999999999,74.72686687307404
114.653,74.64192575988676
114.663,74.56917615429332
114.67299999999999,74.50069805747475
114.682,74.43392647061194
114.692,74.35021139488619
114.70299999999999,74.259242831478
114.71300000000001,74.1743107815677
114.723,74.09121024633602
114.73299999999999,74.01481122696276
114.742,73.9507937246276
114.753,73.8745837405105
114.76299999999999,73.80611927579073
114.77300000000001,73.74314633164722
114.783,73.6832249092594
114.79199999999999,73.63184200980591
114.802,73.5719236344651
114.813,73.51248678441559
114.823,73.47086146083534
114.83300000000001,73.43350766490198
114.843,73.40590539779328
114.85199999999999,73.39074766068634
114.86200000000001,73.37595845475809
114.873,73.36013478118547
114.883,73.34290864114494
114.89299999999999,73.32812403581282
114.902,73.31846396636509
114.91199999999999,73.30795243397762
114.92200000000001,73.29988243982588
114.933,73.29211998508534
114.943,73.28953307093104
114.95200000000001,73.29140069853786
114.962,73.2900368690805
114.972,73.29050458373331
114.98299999999999,73.29347484367038
114.99300000000001,73.29455565006553
115.003,73.30234800409237
115.01199999999999,73.31740090692426
115.022,73.33373635973439
115.032,73.35495336369557
115.04299999999999,73.38744591998045
115.05300000000001,73.42634602976153
115.062,73.46116169421079
115.07199999999999,73.49640491450026
115.08200000000001,73.53408969180171
115.092,73.56750602728646
115.103,73.60202092212575
115.11299999999999,73.62142037749047
115.122,73.63594139455131
115.13199999999999,73.64802397447866
115.14200000000001,73.63815811844262
115.152,73.6252438276131
115.163,73.60946510315969
115.171,73.60679994625177
115.182,73.61181435805851
115.192,73.61658633974885
115.20200000000001,73.62318989249145
115.21300000000001,73.63156401745476
115.22099999999999,73.64402671580689
115.23200000000001,73.65642998871571
115.242,73.68010983734881
115.252,73.69953126287355
115.26199999999999,73.723824266457
115.27300000000001,73.73556284926593
115.28099999999999,73.7465710124668
115.29199999999999,73.75495775722591
115.302,73.75730708470924
115.312,73.76514799608262
115.32199999999999,73.76811049251167
115.331,73.77113557516171
115.341,73.76983124519792
115.35199999999999,73.75475350378517
115.36200000000001,73.73272235208802
115.372,73.70764279127108
115.38199999999999,73.67769482249848
115.391,73.64561144693407
115.401,73.60651666574174
115.41199999999999,73.56730348008479
115.42200000000001,73.54650189112635
115.432,73.52875190002949
115.44099999999999,73.5092945079568
115.45100000000001,73.48239771607052
115.462,73.462640525533
115.472,73.44550693750608
115.48200000000001,73.43081495315134
115.491,73.41905157363028
115.50099999999999,73.40131280010384
115.51100000000001,73.38723563373264
115.522,73.36614607567726
115.532,73.3520721270978
115.54199999999999,73.33616978915408
115.551,73.31015106300558
115.56099999999999,73.28327194981173
115.57100000000001,73.2594444507314
115.58200000000001,73.23500956692348
115.592,73.20996529954643
115.60100000000001,73.19163164975836
115.611,73.17452061871735
115.621,73.15619120758103
115.63099999999999,73.13664341750682
115.64200000000001,73.10350624965176
115.652,73.07908170517291
115.66099999999999,73.0607577852267
115.671,73.03694649096919
115.681,73.01069682355647
115.692,72.97823878414405
115.70200000000001,72.95382237388706
115.711,72.9278295939406
115.72099999999999,72.87171644545917
115.73100000000001,72.79608492959693
115.741,72.72472504750846
115.752,72.66007980034736
115.76,72.63458118926717
115.771,72.6115192154213
115.78099999999999,72.5987058799627
115.79100000000001,72.57979418404403
115.801,72.56454412881797
115.812,72.55222471543661
115.82000000000001,72.54624794505179
115.831,72.53527381881513
115.841,72.52186033787787
115.85100000000001,72.50173850339083
115.861,72.48893831650481
115.86999999999999,72.47998177837017
115.88000000000001,72.47267489013699
115.891,72.47579065295523
115.901,72.47762706797444
115.91099999999999,72.48007513634394
115.921,72.47764485921283
115.92999999999999,72.46924723772999
115.94099999999999,72.45694927304389
115.95100000000001,72.4496539663028
115.961,72.43626031865494
115.97099999999999,72.41737833124803
115.98,72.39197900522943
115.99,72.36213034174656
116.00099999999999,72.3317253419462
116.01100000000001,72.30553000697479
116.021,72.2781163379789
116.02999999999999,72.25491233610443
116.04,72.22872200249692
116.05,72.20253333830199
116.06099999999999,72.16678134466464
116.07100000000001,72.12962602272961
116.081,72.09125237364168
116.08999999999999,72.06587139854501
116.10000000000001,72.03908109858347
116.11,72.01778247490098
116.121,71.99142352864082
116.13099999999999,71.9682982609461
116.14,71.9484066729595
116.14999999999999,71.92711476582365
116.16000000000001,71.90887454068049
116.171,71.88587899867203
116.181,71.8621521409397
116.19099999999999,71.84147696862463
116.2,71.82653648286765
116.21,71.81074468480948
116.22000000000001,71.79861457559032
116.23100000000001,71.78904915635032
116.241,71.77753242822911
116.24999999999999,71.77193339236614
116.26,71.77383004990048
116.27,71.76780840197104
116.27999999999999,71.75385844971636
116.29100000000001,71.74564519427462
116.29899999999999,71.73438063678383
116.30999999999999,71.72013177838141
116.32000000000001,71.70252862020456
116.33,71.68309716339029
116.33999999999999,71.65695740907506
116.35100000000001,71.62326735839501
116.359,71.59982101248634
116.36999999999999,71.56613437248454
116.38000000000001,71.53939143952493
116.39,71.51143021474276
116.39999999999999,71.47555069927262
116.409,71.44418489424869
116.42,71.40245480080522
116.42999999999999,71.36048042007583
116.44000000000001,71.30752775319368
116.45,71.24726680129213
116.461,71.15591156550363
116.46900000000001,71.08126004696041
116.48,70.95569824679485
116.49,70.82410416613871
116.49999999999999,70.67665180612343
116.51,70.51701116787984
116.51899999999999,70.36273325254005
116.52900000000001,70.1713860612336
116.54,69.93784759509201
116.55,69.70687385524498
116.55999999999999,69.46126184282221
116.569,69.22028655895264
116.579,68.91187800476678
116.58900000000001,68.56810118139187
116.60000000000001,68.15548208995821
116.61,67.75073873159337
116.61999999999999,67.31306710742493
116.629,66.89045521857918
116.639,66.3936370661856
116.64999999999999,65.84017165136969
116.66000000000001,65.320796975257
116.67,64.77642403897654
116.67899999999999,64.27205584365298
116.68900000000001,63.67036639040972
116.699,63.029658680375825
116.71,62.274320714674246
116.72000000000001,61.558616494428186
116.73,60.827064020765725
116.73899999999999,60.14654929480919
116.74900000000001,59.372920317679295
116.759,58.58588309050422
116.77,57.707806614404404
116.77999999999999,56.89516289050341
116.789,56.15045091992127
116.79899999999999,55.30549070378397
116.80900000000001,54.449562243208696
116.819,53.566805539321784
116.83,52.584107593241384
116.83800000000001,51.866104406087345
116.849,50.85255497898261
116.859,49.902725313046474
116.86899999999999,48.93094740939824
116.879,47.94271126915453
116.89,46.84197189343968
116.89899999999999,45.938681283371146
116.909,44.927890440063116
116.919,43.90429136464001
116.92899999999999,42.87642405821675
116.94000000000001,41.75020652190745
116.948,40.94149475683708
116.95899999999999,39.82534576411662
116.96900000000001,38.80724554486151
116.979,37.78182710019319
116.98899999999999,36.755800431224436
116.99999999999999,35.62155253907014
117.008,34.801139424844365
117.01899999999999,33.66956808966485
117.02900000000001,32.64781853464212
117.039,31.635220760895624
117.04899999999999,30.631164769536127
117.058,29.73777556167465
117.068,28.756893138429046
117.079,27.664910500909308
117.08900000000001,26.67183165022597
117.099,25.68424458749639
117.10799999999999,24.807874313830027
117.11800000000001,23.847730830334683
117.129,22.798679138127003
117.139,21.855609238315946
117.14899999999999,20.92474113201152
117.159,20.003624820321246
117.16799999999999,19.185441304360662
117.17800000000001,18.27896858523314
117.18900000000001,17.284267664053026
117.199,16.389378541927393
117.20899999999999,15.509131219964244
117.218,14.733760699269626
117.228,13.892536980955425
117.23799999999999,13.081195066127016
117.24900000000001,12.216623955888863
117.259,11.461385651353007
117.26899999999999,10.722609153623278
117.278,10.074014463804085
117.288,9.36756158300476
117.29799999999999,8.690370512329036
117.30900000000001,7.95995525287983
117.319,7.3010678057664435
117.32799999999999,6.706815172091547
117.33800000000001,6.0595113529568145
117.348,5.423189349470176
117.35799999999999,4.792359162733298
117.36899999999999,4.108902793849062
117.378,3.5547182439194054
117.38799999999999,2.953763514049464
117.39800000000001,2.3613506053381084
117.408,1.763449518890507
117.419,1.1168962558060316
117.42899999999999,0.5488788171862704
117.438,0.05397020413039155
117.448,-0.4878235822585192
117.45800000000001,-1.0283955408833292
117.468,-1.5610356706412913
117.479,-2.144525970434885
117.48700000000001,-2.5521644391657423
117.498,-3.11284807573388
117.508,-3.6186508790416254
117.51799999999999,-4.119581847991531
117.528,-4.615630981487591
117.539,-5.160214278430116
117.54700000000001,-5.542961737724255
117.558,-6.058699358272271
117.568,-6.517541138978583
117.57799999999999,-6.969681078747669
117.58800000000001,-7.4071791764854655
117.597,-7.790107431094235
117.60799999999999,-8.246138841481324
117.61800000000001,-8.64400140655307
117.628,-9.0296621252135
117.63799999999999,-9.41166099637021
117.647,-9.750678018930873
117.657,-10.114383191800862
117.66799999999999,-10.505338513888862
117.67800000000001,-10.845259984103434
117.688,-11.157739601351032
117.698,-11.45497736454128
117.70700000000001,-11.705072272583854
117.717,-11.969986324386698
117.728,-12.25831151886023
117.73799999999999,-12.514071854914187
117.748,-12.765570331459768
117.75699999999999,-12.98383194740608
117.76700000000001,-13.206056701665808
117.777,-13.406939593148977
117.788,-13.606043620768135
117.79799999999999,-13.762402783435213
117.808,-13.897420080063272
117.817,-14.007013509564237
117.82700000000001,-14.123737070852236
117.83800000000001,-14.247712762840106
117.848,-14.347362584442106
117.85799999999999,-14.44518053457267
117.867,-14.522382612146798
117.877,-14.596416816079152
117.88699999999999,-14.666179145285478
117.89800000000001,-14.731788598681902
117.908,-14.771057175184213
117.91699999999999,-14.801053873709138
117.927,-14.83299869317372
117.937,-14.863721632494997
117.94699999999999,-14.887132690590784
117.95800000000001,-14.90041486637918
117.968,-14.911622158778375
117.97699999999999,-14.91691156670707
117.98700000000001,-14.916535089084316
117.997,-14.903956724829468
118.00699999999999,-14.89198647286234
118.01799999999999,-14.880441332103084
118.026,-14.867491301472198
118.03699999999999,-14.84587737989055
118.04700000000001,-14.8198795662793
118.057,-14.794489859560008
118.067,-14.762998258654484
118.07799999999999,-14.722599762484958
118.087,-14.68122136997396
118.097,-14.633264080044679
118.10700000000001,-14.573714891620329
118.117,-14.51050380362496
118.128,-14.434543814982604
118.13600000000001,-14.380108924617744
118.147,-14.306829131455483
118.157,-14.23325043442103
118.16699999999999,-14.160889832439942
118.177,-14.088527324438049
118.188,-14.017252909342
118.19600000000001,-13.96427058607831
118.20700000000001,-13.890979353574354
118.217,-13.825919210757695
118.22699999999999,-13.76146715655632
118.23700000000001,-13.693963189898337
118.246,-13.630603309712761
118.25599999999999,-13.558825514928408
118.26700000000001,-13.472784804474498
118.277,-13.39796317728136
118.28699999999999,-13.326179632278935
118.296,-13.261163168397616
118.306,-13.188775784568548
118.317,-13.107422479722851
118.32700000000001,-13.03503125279202
118.337,-12.958978102708429
118.347,-12.87133302840426
118.35600000000001,-12.781618028812037
118.366,-12.673849102865285
118.377,-12.552235249497121
118.38699999999999,-12.43592246764144
118.397,-12.31960775623201
118.40599999999999,-12.207932114204109
118.41600000000001,-12.07454354049194
118.426,-11.940543034031707
118.437,-11.801482593758834
118.44699999999999,-11.676018218609626
118.45700000000001,-11.545671907520145
118.466,-11.430141659428052
118.47600000000001,-11.305281473269892
118.486,-11.186509347983964
118.497,-11.05883328250787
118.50699999999999,-10.944937275780072
118.516,-10.842015326739014
118.526,-10.731165434324414
118.53599999999999,-10.622753597475578
118.546,-10.516169815132269
118.557,-10.395192086235351
118.56599999999999,-10.298299409725443
118.57600000000001,-10.191709784543232
118.586,-10.087558209630824
118.59599999999999,-9.990114683929756
118.60700000000001,-9.895285206382008
118.617,-9.814907775930712
118.62599999999999,-9.746542391518613
118.63600000000001,-9.678351052088876
118.646,-9.613207756585625
118.65599999999999,-9.55599250395292
118.66699999999999,-9.500729293135237
118.675,-9.463262123077584
118.68599999999999,-9.41469399272534
118.69600000000001,-9.371490901024062
118.706,-9.333775846920018
118.716,-9.294228829359648
118.72699999999999,-9.24297984728983
118.735,-9.20306889965781
118.746,-9.153817985411454
118.75599999999999,-9.121583103498761
118.766,-9.088736252868124
118.776,-9.057107432468587
118.78500000000001,-9.032063641249305
118.796,-9.010302878160074
118.806,-8.990858142151009
118.81599999999999,-8.96471143217268
118.82600000000001,-8.945262747176061
118.835,-8.927337086112667
118.84500000000001,-8.90484444793418
118.85600000000001,-8.89112383159285
118.866,-8.876547236041281
118.87599999999999,-8.868068660232488
118.88600000000001,-8.86568810311998
118.895,-8.865867563657554
118.90499999999999,-8.865313040799581
118.91600000000001,-8.86634253350076
118.926,-8.867614040716104
118.93599999999999,-8.869493561401171
118.94500000000001,-8.873497094511887
118.955,-8.877192639004553
118.96499999999999,-8.87601619383596
118.97600000000001,-8.875691757963349
118.986,-8.871461330344275
118.996,-8.862348909936797
119.00500000000001,-8.852075495699399
119.015,-8.840519086590927
119.02499999999999,-8.817380681570688
119.03599999999999,-8.784847279598344
119.046,-8.75865487963398
119.05499999999999,-8.737400480638213
119.06500000000001,-8.713644081571886
119.075,-8.689275681396374
119.086,-8.666115279073415
119.09599999999999,-8.656982873565244
119.105,-8.652728463834523
119.115,-8.641152048844239
119.12499999999999,-8.630793627557884
119.135,-8.61250319893923
119.146,-8.588670761952551
119.15599999999999,-8.565506315562486
119.165,-8.552455858734051
119.175,-8.543307390432663
119.18499999999999,-8.534156909624032
119.19500000000001,-8.528664415274362
119.206,-8.521583906350108
119.21400000000001,-8.515233381818248
119.22500000000001,-8.507477840646114
119.235,-8.501977281801446
119.24499999999999,-8.500744704252384
119.25500000000001,-8.498900106967486
119.266,-8.49583348891561
119.27499999999999,-8.488250849066045
119.28500000000001,-8.482740186388558
119.295,-8.484547499853194
119.30499999999999,-8.493052788430543
119.31599999999999,-8.512779051091629
119.324,-8.51713428680791
119.335,-8.523436494551223
119.34500000000001,-8.526443673294013
119.355,-8.519698822009005
119.365,-8.511121939669488
119.37400000000001,-8.501323025249201
119.384,-8.492742077722202
119.395,-8.481597096063014
119.40499999999999,-8.465082079246486
119.415,-8.446735026247888
119.425,-8.427165936042936
119.43400000000001,-8.410217807607772
119.444,-8.390034639918948
119.455,-8.37015443195342
119.46499999999999,-8.34813718268853
119.47500000000001,-8.320027891101907
119.484,-8.295392556171828
119.49399999999999,-8.26971917687684
119.504,-8.244043752195902
119.515,-8.218123281108602
119.52499999999999,-8.198533762594739
119.53500000000001,-8.185652195634583
119.544,-8.156063579208876
119.55399999999999,-8.127937912298687
119.56500000000001,-8.108035193885495
119.575,-8.095145422951312
119.585,-8.082253598478419
119.59400000000001,-8.069115719449552
119.604,-8.048289784847904
119.61399999999999,-8.029901793657087
119.62499999999999,-8.011328744861114
119.635,-7.99964663744448
119.64399999999999,-7.986498470392089
119.65400000000001,-7.967492242689211
119.664,-7.9582439533216665
119.67399999999999,-7.961183601275705
119.68499999999999,-7.9580311855379975
119.69500000000001,-7.952436705095604
119.704,-7.946413158935966
119.71400000000001,-7.942644546047092
119.724,-7.937043865417367
119.734,-7.927781116035598
119.74499999999999,-7.912538296891
119.754,-7.899916406973254
119.764,-7.883327445272501
119.77399999999999,-7.870396410779314
119.784,-7.855633302484771
119.795,-7.847090119380455
119.80499999999999,-7.843912860458371
119.81400000000001,-7.842807524710993
119.824,-7.836576111131205
119.83399999999999,-7.8400926187123705
119.84400000000001,-7.838127046448296
119.855,-7.823532393333137
119.86299999999999,-7.819000658361453
119.87400000000001,-7.818492840528361
119.884,-7.829928938829228
119.89399999999999,-7.850512952259946
119.90400000000001,-7.868044879816866
119.913,-7.8795367204965565
119.92299999999999,-7.906214473296215
119.93400000000001,-7.9305101372135365
119.944,-7.940713711246323
119.954,-7.937505194393166
119.96400000000001,-7.915994585652966
119.973,-7.884669884025163
119.98299999999999,-7.844865088509575
119.99399999999999,-7.796702198106486
120.004,-7.744093211816578
120.014,-7.686602128641244
120.02300000000001,-7.633315947581803
120.033,-7.574600667640457
120.044,-7.476795287819419
120.05399999999999,-7.351005807121513
120.06400000000001,-7.203264224549493
120.074,-7.049420539107787
120.08300000000001,-6.934111749799827
120.093,-6.816843855630857
120.104,-6.696893855605605
120.11399999999999,-6.614381748729679
120.12400000000001,-6.553817534008903
120.133,-6.505998210450111
120.14299999999999,-6.447259777060044
120.153,-6.387299232846024
120.164,-6.320323576816175
120.17399999999999,-6.244508807978805
120.183,-6.1714339253425194
120.193,-6.095614927916943
120.20299999999999,-6.027713814711582
120.21300000000001,-5.955540584736431
120.224,-5.8677622370024185
120.234,-5.780954770520355
120.24300000000001,-5.695789184301509
120.253,-5.602267477358209
120.26299999999999,-5.530083648702666
120.27399999999999,-5.4597296973477025
120.284,-5.388761622306527
120.29299999999999,-5.310722422593237
120.30300000000001,-5.205000097221507
120.313,-5.047445645206595
120.323,-4.842939065563332
120.33399999999999,-4.612269357307133
120.34400000000001,-4.39433851945369
120.353,-4.2004925510206945
120.36299999999999,-4.009387451024223
120.373,-3.8329202184813416
120.383,-3.647300852410843
120.39399999999999,-3.439421351830442
120.402,-3.2972157157587456
120.413,-3.142318943215525
120.42299999999999,-3.0036410332203918
120.433,-2.8558209847931315
120.443,-2.7116487969552003
120.45200000000001,-2.600104468727134
120.46300000000001,-2.4706839991310448
120.473,-2.3374853871888406
120.48299999999999,-2.190864631922943
120.49300000000001,-2.041811732355894
120.504,-1.8748286875118398
120.51199999999999,-1.7325994964145832
120.52300000000001,-1.4965211580873943
120.533,-1.2578196715565821
120.54299999999999,-1.0178960358467033
120.55300000000001,-0.7907802499827865
120.562,-0.5968893129923822
120.57199999999999,-0.39293922390128155
120.58300000000001,-0.17696698173601833
120.593,0.0007674144746281364
120.603,0.17058396570323953
120.61299999999999,0.3410126729212566
120.622,0.5019855371000117
120.63199999999999,0.6900985592091928
120.64299999999999,0.9302287402192357
120.653,1.171396081100112
120.663,1.4271955828195582
120.67200000000001,1.6748852463472788
120.682,1.966669072650026
120.692,2.2871150626959404
120.70299999999999,2.6640872174522525
120.71300000000001,3.004657537886177
120.722,3.3341320249619035
120.73200000000001,3.705806679647455
120.742,4.083573502905871
120.753,4.517569495703119
120.76299999999999,4.945340659003129
120.77300000000001,5.385923993771188
120.782,5.802117500967958
120.79199999999999,6.27928518155805
120.802,6.767435036505001
120.813,7.311444066768205
120.823,7.828868273309974
120.83200000000001,8.302690657092729
120.842,8.828649219074553
120.85199999999999,9.375959960216736
120.86200000000001,9.939732881480491
120.873,10.568267983822182
120.883,11.157655268201625
120.89200000000001,11.707225735578799
120.902,12.334417386908635
120.91199999999999,12.98478122314976
120.92200000000001,13.648567245260763
120.933,14.397840454194498
120.942,15.014921850907564
120.95200000000001,15.695174436358139
120.962,16.383969211496826
120.972,17.08495617727983
120.98299999999999,17.862411334661353
120.991,18.443280684595397
121.002,19.25092422803276
121.01199999999999,20.00069996592638
121.022,20.76084789923056
121.032,21.532588028892363
121.04299999999999,22.407989355865134
121.051,23.053263881099923
121.062,23.936039605544256
121.07199999999999,24.739488530148105
121.08200000000001,25.541719655862924
121.092,26.343342983632482
121.10100000000001,27.05979251440869
121.111,27.843740249135074
121.122,28.701713188760642
121.13199999999999,29.47712533423092
121.14200000000001,30.24278968649415
121.152,31.00784624649133
121.16099999999999,31.697417015169
121.171,32.45698799347423
121.182,33.301565182346394
121.192,34.06663058273012
121.20200000000001,34.82986819557059
121.211,35.52548902180534
121.22099999999999,36.29422106237895
121.23200000000001,37.14082231823476
121.242,37.9016287903084
121.252,38.63682747954259
121.26100000000001,39.25288138687856
121.271,39.879544513252235
121.28099999999999,40.44767985960376
121.29199999999999,41.00788742687145
121.302,41.47053721599359
121.312,41.90696922790481
121.32100000000001,42.28870346354387
121.331,42.72635992384479
121.341,43.18474860974413
121.35199999999999,43.7000345221772
121.36200000000001,44.18525766207949
121.371,44.631218030382406
121.38099999999999,45.13717562802137
121.391,45.65350545593067
121.401,46.18873751504002
121.41199999999999,46.79726180628318
121.42200000000001,47.38127833059277
121.431,47.93920308889651
121.44099999999999,48.556154082127144
121.45100000000001,49.156637311216045
121.462,49.80340877708958
121.472,50.37889648067788
121.48100000000001,50.86603842291093
121.491,51.385440604714205
121.50099999999999,51.89447502701644
121.51100000000001,52.38705169074601
121.522,52.9318885968269
121.52999999999999,53.341173746185596
121.54100000000001,53.92155613975053
121.551,54.4562117784428
121.56099999999999,55.01586966318863
121.57100000000001,55.59198979491364
121.58200000000001,56.23610417453834
121.58999999999999,56.71272280298621
121.60100000000001,57.38434168118304
121.611,58.00864081004613
121.621,58.66282219049871
121.63099999999999,59.29383582346154
121.64,59.852905709856316
121.64999999999999,60.44368385059988
121.66099999999999,61.081106246613125
121.671,61.638958898815744
121.681,62.16145380812311
121.692,62.71436997545468
121.7,63.10710940172802
121.711,63.640582087858384
121.72099999999999,64.15881603476234
121.73100000000001,64.70266224335725
121.741,65.25809071455521
121.74999999999999,65.75681344927203
121.76,66.30005644842379
121.771,66.87312071292097
121.78099999999999,67.36392824367758
121.79100000000001,67.83826804160763
121.8,68.2409721076202
121.80999999999999,68.67263644262839
121.82000000000001,69.081743047544
121.831,69.52401992327525
121.841,69.9166710707327
121.85100000000001,70.2959044908269
121.86,70.62563218446444
121.86999999999999,70.98963015255494
121.88000000000001,71.35729039600695
121.891,71.76805491572573
121.901,72.15156971261851
121.91000000000001,72.50820078759247
121.92,72.91245014155135
121.92999999999999,73.30817177540106
121.94099999999999,73.73505169004629
121.95100000000001,74.1167478863917
121.961,74.48625636533885
121.97000000000001,74.80448012779253
121.98,75.14899317465353
121.99,75.47337850682452
122.00099999999999,75.80233912520703
122.01100000000001,76.08709903070238
122.02,76.33783422420936
122.02999999999999,76.62686870662885
122.04,76.93053547886089
122.05,77.22628454180261
122.06099999999999,77.55525889635324
122.069,77.78759454341078
122.08,78.11121648387164
122.08999999999999,78.40331471863273
122.10000000000001,78.69053524859106
122.11,78.95275807464067
122.121,79.22071819767744
122.129,79.41355561859609
122.14,79.64932333828996
122.14999999999999,79.84692535765274
122.16000000000001,80.03476967757796
122.171,80.22626929895712
122.17899999999999,80.3522862226823
122.19000000000001,80.51427744964558
122.2,80.66981098073667
122.21,80.81559681684637
122.22000000000001,80.94735495886472
122.23100000000001,81.07649840768033
122.23899999999999,81.15911316418206
122.24999999999999,81.25673522925837
122.26,81.32387260379703
122.27,81.372712288685
122.27999999999999,81.40448428480912
122.289,81.41985959305553
122.29899999999999,81.42663621430977
122.30999999999999,81.39883914945686
122.32000000000001,81.34769039938115
122.33,81.27764396496694
122.33900000000001,81.2057758470972
122.349,81.12537404665521
122.359,81.05899456452302
122.36999999999999,80.99499940158235
122.38000000000001,80.94143455871436
122.39,80.8848220368001
122.39899999999999,80.8244878367196
122.409,80.74104995935218
122.42,80.61736940557749
122.42999999999999,80.49551617627394
122.44000000000001,80.36818527231908
122.449,80.26231369459117
122.45899999999999,80.1386374439666
122.46900000000001,80.02533352132141
122.48,79.91239192753207
122.49,79.81799266347363
122.49999999999999,79.7199357300207
122.509,79.62615612804703
122.51899999999999,79.51103385842661
122.52900000000001,79.38615392203171
122.54,79.2504233197354
122.55,79.13164805240929
122.55900000000001,79.02854712092423
122.569,78.92014652615151
122.579,78.83003826896098
122.58900000000001,78.7448123502219
122.60000000000001,78.64934477080385
122.60799999999999,78.59253353157516
122.61899999999999,78.51718963340342
122.629,78.45148307715588
122.639,78.39187886369974
122.64999999999999,78.32929099390094
122.66000000000001,78.27152146862495
122.669,78.22442628873718
122.67899999999999,78.17763145510179
122.68900000000001,78.12961896858258
122.699,78.08038883004319
122.71,78.0305530403462
122.718,77.99620760035383
122.729,77.94167951092786
122.73899999999999,77.89123877292943
122.74900000000001,77.84141038721893
122.759,77.79036435465682
122.77,77.74255567610238
122.778,77.7160323524146
122.789,77.69237338445201
122.79899999999999,77.6767067730724
122.80900000000001,77.662872519133
122.819,77.64965062349071
122.82799999999999,77.64759308700165
122.83800000000001,77.64595591052144
122.849,77.65182409490528
122.859,77.66117164100768
122.86899999999999,77.67845154968259
122.878,77.7043868217834
122.88799999999999,77.73386145816295
122.89899999999999,77.76992545967363
122.909,77.80306482716735
122.919,77.82888656149527
122.92899999999999,77.86081066350809
122.938,77.894446134056
122.948,77.9318649739884
122.95899999999999,77.98136318415436
122.96900000000001,78.03341676540238
122.979,78.07816271858007
122.98799999999999,78.12169204453478
122.998,78.17009274411325
123.008,78.21545581816123
123.01899999999999,78.25960026752433
123.02900000000001,78.30496809304749
123.039,78.35216829557484
123.04799999999999,78.4006438759502
123.058,78.45210883501692
123.068,78.50357617361739
123.079,78.56315689259384
123.08900000000001,78.61889899278782
123.098,78.66738647504002
123.10799999999999,78.72191334019094
123.11800000000001,78.78803258908043
123.129,78.85836122254737
123.139,78.91716524143044
123.14800000000001,78.97335064656765
123.158,79.03337943879609
123.16799999999999,79.09280061895258
123.17800000000001,79.15832418787346
123.18900000000001,79.22464114639409
123.199,79.27918949534973
123.20800000000001,79.33154623557508
123.218,79.38914936790394
123.228,79.43517489316989
123.23799999999999,79.4787628122057
123.24900000000001,79.5216201258437
123.25699999999999,79.55130683491532
123.26799999999999,79.58678794025187
123.278,79.61513544268394
123.288,79.64287534304145
123.29799999999999,79.66817764215396
123.30900000000001,79.6895883408504
123.317,79.7002654399591
123.32799999999999,79.71161594030781
123.33800000000001,79.72534784272378
123.348,79.73786214803364
123.35799999999999,79.75098885706343
123.367,79.76003097063858
123.378,79.76870948958388
123.38799999999999,79.78001341472356
123.39800000000001,79.79253974688125
123.408,79.80140848688005
123.41699999999999,79.80991363554247
123.427,79.82366719369043
123.438,79.83303116214519
123.448,79.83824954172745
123.45800000000001,79.84225033325733
123.468,79.84564353755447
123.47699999999999,79.85471215543781
123.48700000000001,79.8593301877257
123.498,79.86266963523606
123.508,79.86424249878614
123.51799999999999,79.86155777919272
123.527,79.859667477272
123.53699999999999,79.85393759383965
123.54700000000001,79.85308012971059
123.558,79.84906408569937
123.568,79.84090146261983
123.57799999999999,79.83152126128526
123.587,79.81976348250832
123.597,79.79757812710133
123.60799999999999,79.76874719587579
123.61800000000001,79.74839668964265
123.628,79.7249986092125
123.63699999999999,79.7132529553951
123.647,79.7081597289996
123.657,79.69879893083477
123.66799999999999,79.68474456170858
123.67800000000001,79.67355862242844
123.687,79.65962911380132
123.69699999999999,79.6496680366333
123.70700000000001,79.63604939172998
123.717,79.61267317989659
123.728,79.58923940193749
123.73799999999999,79.57623805865651
123.747,79.57713715085684
123.75699999999999,79.57512067934127
123.76700000000001,79.56883664491191
123.777,79.55157504837047
123.788,79.52480089051795
123.796,79.50925017215485
123.807,79.4784658940812
123.817,79.4532840570963
123.82700000000001,79.43420466199879
123.83800000000001,79.414823709587
123.848,79.39879920065842
123.85700000000001,79.38765613600995
123.867,79.37651651643813
123.877,79.37147934273878
123.88699999999999,79.36644461570718
123.89800000000001,79.34842033613792
123.90599999999999,79.32558450482534
123.91699999999999,79.2975001225628
123.927,79.28088519014325
123.937,79.26183270835922
123.94699999999999,79.25376267800235
123.956,79.2420950998637
123.966,79.22853997473393
123.97699999999999,79.21120630340288
123.98700000000001,79.18667608665976
123.997,79.15056832529358
124.00699999999999,79.10775302009243
124.016,79.07030617184382
124.026,79.02810578133503
124.03699999999999,78.98664184935231
124.04700000000001,78.94932637668141
124.057,78.91994336410787
124.06599999999999,78.89787181241628
124.07600000000001,78.87093372239062
124.087,78.83350809481458
124.097,78.798644930471
124.10700000000001,78.76134423014204
124.117,78.71733599460968
124.12599999999999,78.6837592246549
124.13600000000001,78.65073592105807
124.147,78.61869308459933
124.157,78.58994471605799
124.16699999999999,78.56911881621276
124.176,78.54872138584173
124.18599999999999,78.52790042572256
124.19600000000001,78.50830193663202
124.20700000000001,78.48632791934662
124.217,78.45698437464215
124.22600000000001,78.43111830329363
124.236,78.39628970607578
124.246,78.3608535837624
124.25599999999999,78.32724993712685
124.26700000000001,78.2959077669417
124.277,78.27693907397925
124.28599999999999,78.2686468590109
124.296,78.25517312280748
124.306,78.24048186613952
124.317,78.21920608977672
124.32700000000001,78.19780979448824
124.336,78.18129498104278
124.34599999999999,78.15442365020819
124.35600000000001,78.12755480275172
124.366,78.09763843944039
124.377,78.06565256104021
124.38699999999999,78.0290311683168
124.396,77.99716826203503
124.40599999999999,77.95872184295953
124.41600000000001,77.92698791185393
124.426,77.89586646948169
124.437,77.85315951660525
124.44500000000001,77.82752905398648
124.456,77.78616908238685
124.466,77.74651760256698
124.47600000000001,77.70991861528671
124.486,77.67332212130572
124.49499999999999,77.63654312138274
124.50500000000001,77.59507161627576
124.516,77.54768760674268
124.526,77.49586109354047
124.53599999999999,77.43000707742553
124.546,77.35318555915349
124.55499999999999,77.27471553948024
124.56599999999999,77.17234401916005
124.57600000000001,77.0760099989468
124.586,76.96443847959448
124.59599999999999,76.83883946185561
124.605,76.71757794648205
124.615,76.55784393422607
124.62599999999999,76.35756542583822
124.63600000000001,76.15149642206838
124.646,75.90517992366739
124.65599999999999,75.63447593138372
124.665,75.36779844596514
124.675,75.04709946816094
124.68599999999999,74.67512599871746
124.69600000000001,74.3148020383806
124.706,73.94106058789839
124.71499999999999,73.5915326480154
124.72500000000001,73.18243621947491
124.735,72.74163230302376
124.746,72.21942489940415
124.75599999999999,71.70362600935952
124.766,71.14697963363044
124.77499999999999,70.61472177296224
124.78500000000001,70.00442042809225
124.796,69.31454159976468
124.806,68.67436528871856
124.81599999999999,68.0189514956931
124.825,67.41810822142557
124.835,66.7328194666574
124.84500000000001,66.02253323212253
124.85600000000001,65.20456351856166
124.866,64.43940232670977
124.87499999999999,63.72662065730261
124.885,62.912074511072106
124.895,62.084120888757795
124.90499999999999,61.24213979109118
124.91600000000001,60.306804218802654
124.926,59.44775817263061
124.93499999999999,58.66200165330467
124.94500000000001,57.77796066155287
124.955,56.87867219811153
124.96499999999999,55.970246263708354
124.97600000000001,54.95578085906984
124.984,54.20882198493204
124.99499999999999,53.16484864201796
125.00500000000001,52.21009283105437
125.015,51.24069955277335
125.02499999999999,50.261558807898545
125.03599999999999,49.17064759715524
125.045,48.27296792126713
125.05499999999999,47.262734780963086
125.06500000000001,46.24457417696173
125.075,45.22702610999228
125.086,44.10996958077412
125.09400000000001,43.29620659002849
125.105,42.170432138479875
125.115,41.15167422684831
125.12499999999999,40.12925885585367
125.135,39.09526602621277
125.14399999999999,38.15425873865118
125.15400000000001,37.110510993880375
125.165,35.97738179262418
125.175,34.950109135597835
125.18499999999999,33.920399023517525
125.19500000000001,32.900441457096356
125.204,31.99073343705609
125.21400000000001,30.973220964104723
125.22500000000001,29.868278038962277
125.235,28.87394066234034
125.24499999999999,27.873505834951356
125.254,26.971496557505258
125.264,25.980216830718593
125.27499999999999,24.90278665529954
125.28500000000001,23.932242031956655
125.295,22.965969961404763
125.30499999999999,22.021040444350163
125.31400000000001,21.17611548149909
125.324,20.23363107356389
125.335,19.178348221249053
125.34500000000001,18.210868925259245
125.355,17.231202186305477
125.36399999999999,16.337996005090734
125.37400000000001,15.33942438231581
125.384,14.353665318690942
125.395,13.280280814916205
125.40499999999999,12.333546871695273
125.414,11.514441489727627
125.42399999999999,10.633572669719122
125.43400000000001,9.780146412366015
125.444,8.966352718373491
125.455,8.090851588438296
125.46499999999999,7.313653023260205
125.474,6.62791602353545
125.484,5.870842589965459
125.49399999999999,5.114381723245556
125.504,4.356703424070085
125.515,3.520124693138986
125.52399999999999,2.847567531146491
125.534,2.107576938784177
125.544,1.3724689167507877
125.55399999999999,0.6544334657376172
125.56500000000001,-0.09359341356490569
125.575,-0.7835737204600053
125.58399999999999,-1.3704984542582288
125.59400000000001,-1.9866936142711684
125.604,-2.587036199804796
125.61399999999999,-3.1812762101713443
125.62499999999999,-3.8192876446822113
125.633,-4.269496502649805
125.64399999999999,-4.871290783384894
125.65400000000001,-5.4008804862027
125.664,-5.912177610414041
125.67399999999999,-6.409452155334787
125.683,-6.843792120281096
125.693,-7.3105715045663135
125.704,-7.814417307508249
125.71400000000001,-8.245821528424807
125.724,-8.65954316663143
125.734,-9.064112221447743
125.74300000000001,-9.407887692193773
125.754,-9.81715357818751
125.764,-10.171104878749713
125.77399999999999,-10.518963593201438
125.784,-10.843039720865113
125.79299999999999,-11.115459261060886
125.80300000000001,-11.404770213113578
125.81400000000001,-11.707375576344987
125.824,-11.958271350079867
125.83399999999999,-12.192694533643326
125.84400000000001,-12.407605126361503
125.853,-12.585626127559182
125.86299999999999,-12.773701536563907
125.87400000000001,-12.973661352703564
125.884,-13.133681575304875
125.89399999999999,-13.28272920369708
125.903,-13.407502237209814
125.913,-13.526664675172219
125.92299999999999,-13.627534516915228
125.93400000000001,-13.715465761770425
125.944,-13.769370409069074
125.95299999999999,-13.803581458143949
125.96300000000001,-13.833090908328295
125.973,-13.848577758955626
125.98299999999999,-13.857962009360417
125.99399999999999,-13.862035658877792
126.004,-13.858004706843497
126.01299999999999,-13.859269152593905
126.02300000000001,-13.858282995466146
126.033,-13.849974234797752
126.044,-13.837270869926938
126.05399999999999,-13.816756900192498
126.063,-13.78673332493393
126.073,-13.739994143491403
126.08300000000001,-13.688992355205482
126.093,-13.630667959417785
126.104,-13.54282995547026
126.11399999999999,-13.45340034270566
126.123,-13.364087120467088
126.133,-13.272822288098965
126.14299999999999,-13.180944844945683
126.153,-13.0847947903523
126.164,-12.975480123665104
126.17200000000001,-12.888476844230203
126.183,-12.769762951394972
126.193,-12.648602444507018
126.20299999999999,-12.519519322914645
126.21300000000001,-12.378233585966372
126.222,-12.242805233012518
126.23299999999999,-12.073104263402618
126.24300000000001,-11.908030676487089
126.253,-11.750884471617951
126.26299999999999,-11.602265648146735
126.27399999999999,-11.429870205425871
126.282,-11.302838142808271
126.29299999999999,-11.126411459648132
126.30300000000001,-10.958272155299126
126.313,-10.7986702291171
126.323,-10.64272568045725
126.33200000000001,-10.502876508675557
126.342,-10.343876713129685
126.353,-10.1674342931769
126.36299999999999,-10.010869248175785
126.373,-9.861011577485026
126.383,-9.71480128046519
126.39200000000001,-9.579328356475877
126.402,-9.433112804878645
126.413,-9.286167625034755
126.42299999999999,-9.155196816306537
126.433,-9.02544337805642
126.442,-8.911359309648653
126.45200000000001,-8.78891061044664
126.46300000000001,-8.650004279815953
126.473,-8.522680317121987
126.48299999999999,-8.391083721730867
126.492,-8.276437493009208
126.502,-8.156415630324936
126.51199999999999,-8.03700113304589
126.52300000000001,-7.91618500054051
126.533,-7.81140523217886
126.54299999999999,-7.708452827330676
126.552,-7.617388785366577
126.562,-7.51748110565846
126.57199999999999,-7.4193907875781715
126.58300000000001,-7.311307830498057
126.593,-7.21139223379199
126.60199999999999,-7.126344996833632
126.61200000000001,-7.038614118997311
126.622,-6.9594205996587934
126.63199999999999,-6.878394438193817
126.64299999999999,-6.789743633978844
126.653,-6.696512186390926
126.66199999999999,-6.60650809480839
126.67200000000001,-6.501081358609172
126.682,-6.391991977172982
126.692,-6.296309949879156
126.70299999999999,-6.189526276107886
126.712,-6.092929955239912
126.722,-5.9893199866571525
126.73200000000001,-5.886317369741242
126.742,-5.786362103875424
126.753,-5.678894188442786
126.76100000000001,-5.596615622827217
126.772,-5.490484406413472
126.782,-5.395998538586575
126.79199999999999,-5.305780018732232
126.802,-5.214948846236538
126.813,-5.112833020486944
126.82100000000001,-5.034922540870932
126.83200000000001,-4.925431406777019
126.842,-4.814469617594058
126.85199999999999,-4.726065172711568
126.86200000000001,-4.683388071519689
126.871,-4.631749313409477
126.88099999999999,-4.570166897772214
126.89200000000001,-4.535107823999927
126.902,-4.509500091485538
126.91199999999999,-4.48997969962239
126.92200000000001,-4.480826647804406
126.931,-4.4653879354263015
126.942,-4.437025561883414
126.95200000000001,-4.403474526571763
126.962,-4.356500828888208
126.972,-4.303434468230019
126.98100000000001,-4.2495704439950295
126.991,-4.189788755582061
